"../../../Engine/Plugins/Animation/ACLPlugin/Content/ACLAnimBoneCompressionSettings.uexp" 0
"../../../Engine/Plugins/Animation/ACLPlugin/Content/ACLAnimBoneCompressionSettings.uasset" 1
"../../../Engine/Plugins/Animation/ACLPlugin/Content/ACLAnimCurveCompressionSettings.uasset" 2
"../../../Engine/Plugins/Animation/ACLPlugin/Content/ACLAnimCurveCompressionSettings.uexp" 3
"../../../Engine/Plugins/2D/Paper2D/Content/PlaceholderTextures/DummySpriteTexture.ubulk" 4
"../../../Engine/Plugins/2D/Paper2D/Content/PlaceholderTextures/DummySpriteTexture.uexp" 5
"../../../Engine/Plugins/2D/Paper2D/Content/PlaceholderTextures/DummySpriteTexture.uasset" 6
"../../../Engine/Plugins/2D/Paper2D/Content/DummySprite.uasset" 7
"../../../Engine/Plugins/2D/Paper2D/Content/DummySprite.uexp" 8
"../../../Engine/Plugins/2D/Paper2D/Content/DefaultPaperTerrainMaterial.uexp" 9
"../../../Engine/Plugins/2D/Paper2D/Content/DefaultPaperTerrainMaterial.uasset" 10
"../../../Engine/Content/Animation/DefaultVariableFrameStrippingSettings.uexp" 11
"../../../Engine/Content/Animation/DefaultVariableFrameStrippingSettings.uasset" 12
"../../../Engine/Plugins/Animation/ControlRig/Content/Controls/DefaultGizmoLibraryNormalized.uexp" 13
"../../../Engine/Plugins/Animation/ControlRig/Content/Controls/DefaultGizmoLibraryNormalized.uasset" 14
"../../../Engine/Content/EngineSounds/Master.uexp" 15
"../../../Engine/Content/EngineSounds/Master.uasset" 16
"../../../Engine/Content/EngineMaterials/DefaultPhysicalMaterial.uasset" 17
"../../../Engine/Content/EngineMaterials/DefaultPhysicalMaterial.uexp" 18
"../../../Engine/Content/EngineMaterials/DefaultDestructiblePhysicalMaterial.uasset" 19
"../../../Engine/Content/EngineMaterials/DefaultDestructiblePhysicalMaterial.uexp" 20
"../../../Engine/Content/EngineFonts/Faces/DroidSansFallback.uasset" 21
"../../../Engine/Content/EngineFonts/Faces/DroidSansFallback.ufont" 22
"../../../Engine/Content/EngineFonts/Faces/DroidSansFallback.uexp" 23
"../../../Engine/Content/EngineFonts/Faces/RobotoBold.ufont" 24
"../../../Engine/Content/EngineFonts/Faces/RobotoBold.uasset" 25
"../../../Engine/Content/EngineFonts/Faces/RobotoBold.uexp" 26
"../../../Engine/Content/EngineFonts/Faces/RobotoBoldItalic.uasset" 27
"../../../Engine/Content/EngineFonts/Faces/RobotoBoldItalic.uexp" 28
"../../../Engine/Content/EngineFonts/Faces/RobotoBoldItalic.ufont" 29
"../../../Engine/Content/EngineFonts/Faces/RobotoItalic.ufont" 30
"../../../Engine/Content/EngineFonts/Faces/RobotoItalic.uasset" 31
"../../../Engine/Content/EngineFonts/Faces/RobotoItalic.uexp" 32
"../../../Engine/Content/EngineFonts/Faces/RobotoLight.ufont" 33
"../../../Engine/Content/EngineFonts/Faces/RobotoLight.uasset" 34
"../../../Engine/Content/EngineFonts/Faces/RobotoLight.uexp" 35
"../../../Engine/Content/EngineFonts/Faces/RobotoRegular.uasset" 36
"../../../Engine/Content/EngineFonts/Faces/RobotoRegular.uexp" 37
"../../../Engine/Content/EngineFonts/Faces/RobotoRegular.ufont" 38
"../../../Engine/Content/EngineFonts/Roboto.uasset" 39
"../../../Engine/Content/EngineFonts/Roboto.uexp" 40
"../../../Engine/Content/EngineFonts/Faces/DroidSansMono.ufont" 41
"../../../Engine/Content/EngineFonts/Faces/DroidSansMono.uasset" 42
"../../../Engine/Content/EngineFonts/Faces/DroidSansMono.uexp" 43
"../../../Engine/Content/EngineFonts/DroidSansMono.uasset" 44
"../../../Engine/Content/EngineFonts/DroidSansMono.uexp" 45
"../../../Engine/Content/EngineResources/GradientTexture0.uexp" 46
"../../../Engine/Content/EngineResources/GradientTexture0.uasset" 47
"../../../Engine/Content/EditorResources/S_Actor.uexp" 48
"../../../Engine/Content/EditorResources/S_Actor.ubulk" 49
"../../../Engine/Content/EditorResources/S_Actor.uasset" 50
"../../../Engine/Content/EngineResources/DefaultTexture.uasset" 51
"../../../Engine/Content/EngineResources/DefaultTexture.uexp" 52
"../../../Engine/Content/EngineResources/DefaultTexture.ubulk" 53
"../../../Engine/Content/EngineMaterials/DefaultWhiteGrid.ubulk" 54
"../../../Engine/Content/EngineMaterials/DefaultWhiteGrid.uexp" 55
"../../../Engine/Content/EngineMaterials/DefaultWhiteGrid.uasset" 56
"../../../Engine/Content/EngineMaterials/MiniFont.uexp" 57
"../../../Engine/Content/EngineMaterials/MiniFont.uasset" 58
"../../../Engine/Content/EngineMaterials/DefaultBokeh.uexp" 59
"../../../Engine/Content/EngineMaterials/DefaultBokeh.uasset" 60
"../../../Engine/Content/EngineMaterials/FastBlueNoise_vec2_128x128x64.uexp" 61
"../../../Engine/Content/EngineMaterials/FastBlueNoise_vec2_128x128x64.uasset" 62
"../../../Engine/Content/EngineMaterials/PreintegratedSkinBRDF.uexp" 63
"../../../Engine/Content/EngineMaterials/PreintegratedSkinBRDF.uasset" 64
"../../../Engine/Content/EngineMaterials/FastBlueNoise_scalar_128x128x64.uexp" 65
"../../../Engine/Content/EngineMaterials/FastBlueNoise_scalar_128x128x64.uasset" 66
"../../../Engine/Content/EngineMaterials/DefaultBloomKernel.uexp" 67
"../../../Engine/Content/EngineMaterials/DefaultBloomKernel.uasset" 68
"../../../Engine/Content/EngineMaterials/FastBlueNoise_scalar_128x128x8.uasset" 69
"../../../Engine/Content/EngineMaterials/FastBlueNoise_scalar_128x128x8.uexp" 70
"../../../Engine/Content/EngineDamageTypes/DmgTypeBP_Environmental.uasset" 71
"../../../Engine/Content/EngineDamageTypes/DmgTypeBP_Environmental.uexp" 72
"../../../Engine/Content/EditorResources/BSPVertex.uexp" 73
"../../../Engine/Content/EditorResources/BSPVertex.uasset" 74
"../../../Engine/Content/EditorResources/S_Trigger.uexp" 75
"../../../Engine/Content/EditorResources/S_Trigger.ubulk" 76
"../../../Engine/Content/EditorResources/S_Trigger.uasset" 77
"../../../Engine/Content/EditorResources/S_Terrain.uasset" 78
"../../../Engine/Content/EditorResources/S_Terrain.uexp" 79
"../../../Engine/Content/EditorResources/S_Terrain.ubulk" 80
"../../../Engine/Content/EditorResources/S_Solver.uasset" 81
"../../../Engine/Content/EditorResources/S_Solver.uexp" 82
"../../../Engine/Content/EditorResources/S_Solver.ubulk" 83
"../../../Engine/Content/EditorResources/S_TriggerCapsule.uexp" 84
"../../../Engine/Content/EditorResources/S_TriggerCapsule.uasset" 85
"../../../Engine/Content/EditorResources/S_BoxReflectionCapture.uasset" 86
"../../../Engine/Content/EditorResources/S_BoxReflectionCapture.uexp" 87
"../../../Engine/Content/EditorResources/S_TriggerBox.uexp" 88
"../../../Engine/Content/EditorResources/S_TriggerBox.uasset" 89
"../../../Engine/Content/EditorResources/S_TriggerSphere.uasset" 90
"../../../Engine/Content/EditorResources/S_TriggerSphere.uexp" 91
"../../../Engine/Plugins/Runtime/AudioWidgets/Content/Resources/ScrubHandleDown_Clamped.uasset" 92
"../../../Engine/Plugins/Runtime/AudioWidgets/Content/Resources/ScrubHandleDown_Clamped.uexp" 93
"../../../Engine/Plugins/Interchange/Assets/Content/Functions/MX_Displacement.uexp" 94
"../../../Engine/Plugins/Interchange/Assets/Content/Functions/MX_Displacement.uasset" 95
"../../../Engine/Plugins/Interchange/Assets/Content/Functions/MX_GeneralizedSchlickBSDF.uexp" 96
"../../../Engine/Plugins/Interchange/Assets/Content/Functions/MX_GeneralizedSchlickBSDF.uasset" 97
"../../../Engine/Plugins/Interchange/Assets/Content/Functions/MX_UniformEDF.uexp" 98
"../../../Engine/Plugins/Interchange/Assets/Content/Functions/MX_UniformEDF.uasset" 99
"../../../Engine/Plugins/Interchange/Assets/Content/Functions/MX_Surface.uexp" 100
"../../../Engine/Plugins/Interchange/Assets/Content/Functions/MX_Surface.uasset" 101
"../../../Engine/Plugins/Interchange/Assets/Content/Functions/MX_SurfaceUnlit.uasset" 102
"../../../Engine/Plugins/Interchange/Assets/Content/Functions/MX_SurfaceUnlit.uexp" 103
"../../../Engine/Plugins/Interchange/Assets/Content/Functions/MX_ConductorBSDF.uexp" 104
"../../../Engine/Plugins/Interchange/Assets/Content/Functions/MX_ConductorBSDF.uasset" 105
"../../../Engine/Plugins/Interchange/Assets/Content/Functions/MF_IridescenceNoLUT.uexp" 106
"../../../Engine/Plugins/Interchange/Assets/Content/Functions/MF_IridescenceNoLUT.uasset" 107
"../../../Engine/Plugins/Interchange/Assets/Content/Functions/MX_StandardSurface.uasset" 108
"../../../Engine/Plugins/Interchange/Assets/Content/Functions/MX_StandardSurface.uexp" 109
"../../../Engine/Plugins/Interchange/Assets/Content/Functions/MX_OpenPBR_Opaque.uexp" 110
"../../../Engine/Plugins/Interchange/Assets/Content/Functions/MX_OpenPBR_Opaque.uasset" 111
"../../../Engine/Plugins/Interchange/Assets/Content/Functions/MX_UsdPreviewSurface.uexp" 112
"../../../Engine/Plugins/Interchange/Assets/Content/Functions/MX_UsdPreviewSurface.uasset" 113
"../../../Engine/Plugins/Interchange/Assets/Content/Functions/MX_TranslucentBSDF.uasset" 114
"../../../Engine/Plugins/Interchange/Assets/Content/Functions/MX_TranslucentBSDF.uexp" 115
"../../../Engine/Plugins/Interchange/Assets/Content/Functions/MX_AnisotropicVDF.uexp" 116
"../../../Engine/Plugins/Interchange/Assets/Content/Functions/MX_AnisotropicVDF.uasset" 117
"../../../Engine/Plugins/Interchange/Assets/Content/Functions/MX_SheenBSDF.uexp" 118
"../../../Engine/Plugins/Interchange/Assets/Content/Functions/MX_SheenBSDF.uasset" 119
"../../../Engine/Plugins/Interchange/Assets/Content/Functions/MX_SubsurfaceBSDF.uexp" 120
"../../../Engine/Plugins/Interchange/Assets/Content/Functions/MX_SubsurfaceBSDF.uasset" 121
"../../../Engine/Plugins/Interchange/Assets/Content/Functions/MX_ConicalEDF.uasset" 122
"../../../Engine/Plugins/Interchange/Assets/Content/Functions/MX_ConicalEDF.uexp" 123
"../../../Engine/Plugins/Interchange/Assets/Content/Functions/MX_MeasuredEDF.uasset" 124
"../../../Engine/Plugins/Interchange/Assets/Content/Functions/MX_MeasuredEDF.uexp" 125
"../../../Engine/Plugins/Interchange/Assets/Content/Functions/MX_BurleyDiffuseBSDF.uasset" 126
"../../../Engine/Plugins/Interchange/Assets/Content/Functions/MX_BurleyDiffuseBSDF.uexp" 127
"../../../Engine/Plugins/Interchange/Assets/Content/Functions/MX_DielectricBSDF.uasset" 128
"../../../Engine/Plugins/Interchange/Assets/Content/Functions/MX_DielectricBSDF.uexp" 129
"../../../Engine/Plugins/Interchange/Assets/Content/Functions/MX_AbsorptionVDF.uasset" 130
"../../../Engine/Plugins/Interchange/Assets/Content/Functions/MX_AbsorptionVDF.uexp" 131
"../../../Engine/Plugins/Interchange/Assets/Content/Functions/MX_OrenNayarBSDF.uasset" 132
"../../../Engine/Plugins/Interchange/Assets/Content/Functions/MX_OrenNayarBSDF.uexp" 133
"../../../Engine/Plugins/Interchange/Assets/Content/Functions/MX_ThinFilmBSDF.uasset" 134
"../../../Engine/Plugins/Interchange/Assets/Content/Functions/MX_ThinFilmBSDF.uexp" 135
"../../../Engine/Plugins/Interchange/Assets/Content/Functions/MX_TransmissionSurface.uexp" 136
"../../../Engine/Plugins/Interchange/Assets/Content/Functions/MX_TransmissionSurface.uasset" 137
"../../../Engine/Plugins/Interchange/Assets/Content/Functions/MX_OpenPBR_Translucent.uasset" 138
"../../../Engine/Plugins/Interchange/Assets/Content/Functions/MX_OpenPBR_Translucent.uexp" 139
"../../../Engine/Content/EditorMaterials/Dataflow/DataflowTwoSidedVertexMaterial.uasset" 140
"../../../Engine/Content/EditorMaterials/Dataflow/DataflowTwoSidedVertexMaterial.uexp" 141
"../../../Engine/Content/EditorMaterials/Dataflow/DataflowVertexMaterial.uasset" 142
"../../../Engine/Content/EditorMaterials/Dataflow/DataflowVertexMaterial.uexp" 143
"../../../Engine/Content/EngineResources/FilmGrains/Marcie_Grain_v3_128_M2_000.uexp" 144
"../../../Engine/Content/EngineResources/FilmGrains/Marcie_Grain_v3_128_M2_000.uasset" 145
"../../../Engine/Content/EngineResources/Development/ZenLogo_64.uasset" 146
"../../../Engine/Content/EngineResources/Development/ZenLogo_64.uexp" 147
"../../../Engine/Content/EngineMaterials/LTC/GGX_LTCAmp.uexp" 148
"../../../Engine/Content/EngineMaterials/LTC/GGX_LTCAmp.uasset" 149
"../../../Engine/Content/EngineMaterials/LTC/Sheen_LTC.uasset" 150
"../../../Engine/Content/EngineMaterials/LTC/Sheen_LTC.uexp" 151
"../../../Engine/Content/EngineMaterials/LTC/GGX_LTCMat.uexp" 152
"../../../Engine/Content/EngineMaterials/LTC/GGX_LTCMat.uasset" 153
"../../../Engine/Content/EngineMaterials/EnergyConservation/Diffuse_Energy.uexp" 154
"../../../Engine/Content/EngineMaterials/EnergyConservation/Diffuse_Energy.uasset" 155
"../../../Engine/Content/EngineMaterials/EnergyConservation/SheenLegacy_Energy.uasset" 156
"../../../Engine/Content/EngineMaterials/EnergyConservation/SheenLegacy_Energy.uexp" 157
"../../../Engine/Content/EngineMaterials/EnergyConservation/Sheen_Energy.uasset" 158
"../../../Engine/Content/EngineMaterials/EnergyConservation/Sheen_Energy.uexp" 159
"../../../Engine/Content/EngineMaterials/EnergyConservation/GGX_TransmissionEnergyArray.uasset" 160
"../../../Engine/Content/EngineMaterials/EnergyConservation/GGX_TransmissionEnergyArray.uexp" 161
"../../../Engine/Content/EngineMaterials/EnergyConservation/GGX_ReflectionEnergy.uasset" 162
"../../../Engine/Content/EngineMaterials/EnergyConservation/GGX_ReflectionEnergy.uexp" 163
"../../../Engine/Content/EditorResources/SequenceRecorder/RecordingIndicator.uexp" 164
"../../../Engine/Content/EditorResources/SequenceRecorder/RecordingIndicator.uasset" 165
"../../../Engine/Content/EditorResources/SequenceRecorder/Countdown.uasset" 166
"../../../Engine/Content/EditorResources/SequenceRecorder/Countdown.uexp" 167
"../../../Engine/Content/EditorMaterials/ParticleSystems/PSysThumbnail_OOD.ubulk" 168
"../../../Engine/Content/EditorMaterials/ParticleSystems/PSysThumbnail_OOD.uexp" 169
"../../../Engine/Content/EditorMaterials/ParticleSystems/PSysThumbnail_OOD.uasset" 170
"../../../Engine/Content/EditorMaterials/ParticleSystems/PSysThumbnail_NoImage.ubulk" 171
"../../../Engine/Content/EditorMaterials/ParticleSystems/PSysThumbnail_NoImage.uexp" 172
"../../../Engine/Content/EditorMaterials/ParticleSystems/PSysThumbnail_NoImage.uasset" 173
"../../../Engine/Content/Functions/Engine_MaterialFunctions01/Shading/PowerToRoughness.uexp" 174
"../../../Engine/Content/Functions/Engine_MaterialFunctions01/Shading/PowerToRoughness.uasset" 175
"../../../Engine/Content/Functions/Engine_MaterialFunctions01/Shading/ConvertFromDiffSpec.uexp" 176
"../../../Engine/Content/Functions/Engine_MaterialFunctions01/Shading/ConvertFromDiffSpec.uasset" 177
"../../../Engine/Content/Functions/Engine_MaterialFunctions02/Utility/BreakOutFloat3Components.uasset" 178
"../../../Engine/Content/Functions/Engine_MaterialFunctions02/Utility/BreakOutFloat3Components.uexp" 179
"../../../Engine/Content/Functions/Engine_MaterialFunctions02/Utility/VectorLength.uexp" 180
"../../../Engine/Content/Functions/Engine_MaterialFunctions02/Utility/VectorLength.uasset" 181
"../../../Engine/Content/Functions/Engine_MaterialFunctions02/WorldPositionOffset/ObjectScale.uexp" 182
"../../../Engine/Content/Functions/Engine_MaterialFunctions02/WorldPositionOffset/ObjectScale.uasset" 183
"../../../Engine/Content/Functions/Engine_MaterialFunctions02/SafeNormalize.uasset" 184
"../../../Engine/Content/Functions/Engine_MaterialFunctions02/SafeNormalize.uexp" 185
"../../../Engine/Plugins/Editor/SpeedTreeImporter/Content/SpeedTree9/game_wind_noise.uexp" 186
"../../../Engine/Plugins/Editor/SpeedTreeImporter/Content/SpeedTree9/game_wind_noise.uasset" 187
"../../../Engine/Plugins/Editor/SpeedTreeImporter/Content/SpeedTree9/game_wind_noise.ubulk" 188
"../../../Engine/Plugins/Editor/SpeedTreeImporter/Content/SpeedTree9/SpeedTreeWindMotion.uexp" 189
"../../../Engine/Plugins/Editor/SpeedTreeImporter/Content/SpeedTree9/SpeedTreeWindMotion.uasset" 190
"../../../Engine/Plugins/Editor/SpeedTreeImporter/Content/SpeedTree9/UnpackInteger3.uexp" 191
"../../../Engine/Plugins/Editor/SpeedTreeImporter/Content/SpeedTree9/UnpackInteger3.uasset" 192
"../../../Engine/Plugins/Editor/SpeedTreeImporter/Content/SpeedTree9/UnpackDirection.uexp" 193
"../../../Engine/Plugins/Editor/SpeedTreeImporter/Content/SpeedTree9/UnpackDirection.uasset" 194
"../../../Engine/Plugins/Editor/SpeedTreeImporter/Content/SpeedTree9/SpeedTreeBranchMotion.uexp" 195
"../../../Engine/Plugins/Editor/SpeedTreeImporter/Content/SpeedTree9/SpeedTreeBranchMotion.uasset" 196
"../../../Engine/Content/Functions/Engine_MaterialFunctions02/ObjectLocalBounds.uasset" 197
"../../../Engine/Content/Functions/Engine_MaterialFunctions02/ObjectLocalBounds.uexp" 198
"../../../Engine/Plugins/Editor/SpeedTreeImporter/Content/SpeedTree9/Empty.uasset" 199
"../../../Engine/Plugins/Editor/SpeedTreeImporter/Content/SpeedTree9/Empty.uexp" 200
"../../../Engine/Content/Functions/Engine_MaterialFunctions02/UVs/BoundingBoxBased_0-1_UVW.uexp" 201
"../../../Engine/Content/Functions/Engine_MaterialFunctions02/UVs/BoundingBoxBased_0-1_UVW.uasset" 202
"../../../Engine/Plugins/Editor/SpeedTreeImporter/Content/SpeedTree9/EmptyNormal.uasset" 203
"../../../Engine/Plugins/Editor/SpeedTreeImporter/Content/SpeedTree9/EmptyNormal.uexp" 204
"../../../Engine/Plugins/Editor/SpeedTreeImporter/Content/SpeedTree9/SpeedTreeWind.uasset" 205
"../../../Engine/Plugins/Editor/SpeedTreeImporter/Content/SpeedTree9/SpeedTreeWind.uexp" 206
"../../../Engine/Plugins/Editor/SpeedTreeImporter/Content/SpeedTree9/SpeedTreeBillboard.uexp" 207
"../../../Engine/Plugins/Editor/SpeedTreeImporter/Content/SpeedTree9/SpeedTreeBillboard.uasset" 208
"../../../Engine/Plugins/Editor/SpeedTreeImporter/Content/SpeedTree9/SpeedTreeBillboardMaster.uasset" 209
"../../../Engine/Plugins/Editor/SpeedTreeImporter/Content/SpeedTree9/SpeedTreeBillboardMaster.uexp" 210
"../../../Engine/Plugins/Editor/SpeedTreeImporter/Content/SpeedTree9/SpeedTreeCameraFacing.uasset" 211
"../../../Engine/Plugins/Editor/SpeedTreeImporter/Content/SpeedTree9/SpeedTreeCameraFacing.uexp" 212
"../../../Engine/Plugins/Editor/SpeedTreeImporter/Content/SpeedTree9/SpeedTreeMaster.uexp" 213
"../../../Engine/Plugins/Editor/SpeedTreeImporter/Content/SpeedTree9/SpeedTreeMaster.uasset" 214
"../../../Engine/Plugins/Runtime/HairStrands/Content/Materials/HairMeshesDefaultMaterial.uasset" 215
"../../../Engine/Plugins/Runtime/HairStrands/Content/Materials/HairMeshesDefaultMaterial.uexp" 216
"../../../Engine/Plugins/Runtime/HairStrands/Content/Materials/HairDefaultMaterial.uasset" 217
"../../../Engine/Plugins/Runtime/HairStrands/Content/Materials/HairDefaultMaterial.uexp" 218
"../../../Engine/Content/Functions/Engine_MaterialFunctions02/Utility/MakeFloat2.uexp" 219
"../../../Engine/Content/Functions/Engine_MaterialFunctions02/Utility/MakeFloat2.uasset" 220
"../../../Engine/Content/Functions/Engine_MaterialFunctions02/Utility/MakeFloat3.uexp" 221
"../../../Engine/Content/Functions/Engine_MaterialFunctions02/Utility/MakeFloat3.uasset" 222
"../../../Engine/Content/EngineMaterials/HairDebugColor.uexp" 223
"../../../Engine/Content/EngineMaterials/HairDebugColor.uasset" 224
"../../../Engine/Content/EngineMaterials/HairColorMap.uasset" 225
"../../../Engine/Content/EngineMaterials/HairColorMap.uexp" 226
"../../../Engine/Plugins/Runtime/HairStrands/Content/Materials/HairGroupColors.uexp" 227
"../../../Engine/Plugins/Runtime/HairStrands/Content/Materials/HairGroupColors.uasset" 228
"../../../Engine/Plugins/Runtime/HairStrands/Content/Materials/HairDebugMaterial.uexp" 229
"../../../Engine/Plugins/Runtime/HairStrands/Content/Materials/HairDebugMaterial.uasset" 230
"../../../Engine/Plugins/Runtime/HairStrands/Content/Materials/HairCardsDefaultMaterial.uexp" 231
"../../../Engine/Plugins/Runtime/HairStrands/Content/Materials/HairCardsDefaultMaterial.uasset" 232
"../../../Engine/Plugins/VirtualProduction/CameraCalibrationCore/Content/Materials/M_DefaultOddSquare.uasset" 233
"../../../Engine/Plugins/VirtualProduction/CameraCalibrationCore/Content/Materials/M_DefaultOddSquare.uexp" 234
"../../../Engine/Plugins/VirtualProduction/CameraCalibrationCore/Content/Materials/M_DefaultEvenSquare.uexp" 235
"../../../Engine/Plugins/VirtualProduction/CameraCalibrationCore/Content/Materials/M_DefaultEvenSquare.uasset" 236
"../../../Engine/Content/EditorMaterials/PreviewShadowIndicator.uasset" 237
"../../../Engine/Content/EditorMaterials/PreviewShadowIndicator.uexp" 238
"../../../Engine/Content/EditorMaterials/PreviewShadowIndicator.ubulk" 239
"../../../Engine/Content/EditorMaterials/PreviewShadowIndicatorMaterial.uasset" 240
"../../../Engine/Content/EditorMaterials/PreviewShadowIndicatorMaterial.uexp" 241
"../../../Engine/Content/EditorMaterials/PhAT_NoCollisionMaterial.uexp" 242
"../../../Engine/Content/EditorMaterials/PhAT_NoCollisionMaterial.uasset" 243
"../../../Engine/Content/EditorMaterials/PhAT_UnselectedMaterial.uexp" 244
"../../../Engine/Content/EditorMaterials/PhAT_UnselectedMaterial.uasset" 245
"../../../Engine/Content/EngineDebugMaterials/DebugEditorMaterial.uasset" 246
"../../../Engine/Content/EngineDebugMaterials/DebugEditorMaterial.uexp" 247
"../../../Engine/Content/Functions/Engine_MaterialFunctions02/Utility/CameraDirectionVector.uexp" 248
"../../../Engine/Content/Functions/Engine_MaterialFunctions02/Utility/CameraDirectionVector.uasset" 249
"../../../Engine/Content/EngineDebugMaterials/VolumeToRender.uexp" 250
"../../../Engine/Content/EngineDebugMaterials/VolumeToRender.uasset" 251
"../../../Engine/Content/EngineDebugMaterials/M_VolumeRenderSphereTracePP.uexp" 252
"../../../Engine/Content/EngineDebugMaterials/M_VolumeRenderSphereTracePP.uasset" 253
"../../../Engine/Content/EngineDebugMaterials/M_SimpleUnlitTranslucent.uexp" 254
"../../../Engine/Content/EngineDebugMaterials/M_SimpleUnlitTranslucent.uasset" 255
"../../../Engine/Content/EngineDebugMaterials/DebugMeshMaterial.uexp" 256
"../../../Engine/Content/EngineDebugMaterials/DebugMeshMaterial.uasset" 257
"../../../Engine/Content/EngineMaterials/DefaultCalibrationGrayscale.uexp" 258
"../../../Engine/Content/EngineMaterials/DefaultCalibrationGrayscale.uasset" 259
"../../../Engine/Content/EngineMaterials/PPM_DefaultCalibrationGrayscale.uasset" 260
"../../../Engine/Content/EngineMaterials/PPM_DefaultCalibrationGrayscale.uexp" 261
"../../../Engine/Content/EngineMaterials/NaniteHiddenSectionMaterial.uasset" 262
"../../../Engine/Content/EngineMaterials/NaniteHiddenSectionMaterial.uexp" 263
"../../../Engine/Content/EngineMaterials/DefaultCalibrationColor.uexp" 264
"../../../Engine/Content/EngineMaterials/DefaultCalibrationColor.uasset" 265
"../../../Engine/Content/EngineMaterials/PPM_DefaultCalibrationColor.uasset" 266
"../../../Engine/Content/EngineMaterials/PPM_DefaultCalibrationColor.uexp" 267
"../../../Engine/Content/Functions/Engine_MaterialFunctions02/WorldPositionOffset/CameraOffset.uexp" 268
"../../../Engine/Content/Functions/Engine_MaterialFunctions02/WorldPositionOffset/CameraOffset.uasset" 269
"../../../Engine/Content/EngineMaterials/PhAT_JointLimitMaterial.uasset" 270
"../../../Engine/Content/EngineMaterials/PhAT_JointLimitMaterial.uexp" 271
"../../../Engine/Content/EngineMaterials/GizmoMaterial.uexp" 272
"../../../Engine/Content/EngineMaterials/GizmoMaterial.uasset" 273
"../../../Engine/Content/EngineMaterials/BaseFlattenEmissiveMap.uexp" 274
"../../../Engine/Content/EngineMaterials/BaseFlattenEmissiveMap.uasset" 275
"../../../Engine/Content/EngineMaterials/BaseFlattenNormalMap.uexp" 276
"../../../Engine/Content/EngineMaterials/BaseFlattenNormalMap.uasset" 277
"../../../Engine/Content/EngineMaterials/BaseFlattenLinearColor.uasset" 278
"../../../Engine/Content/EngineMaterials/BaseFlattenLinearColor.uexp" 279
"../../../Engine/Content/EngineMaterials/BaseFlattenDiffuseMap.uasset" 280
"../../../Engine/Content/EngineMaterials/BaseFlattenDiffuseMap.uexp" 281
"../../../Engine/Content/EngineMaterials/BaseFlattenGrayscaleMap.uasset" 282
"../../../Engine/Content/EngineMaterials/BaseFlattenGrayscaleMap.uexp" 283
"../../../Engine/Content/Functions/Engine_MaterialFunctions02/PivotPainter2/Black_1x1_EXR_Texture.uexp" 284
"../../../Engine/Content/Functions/Engine_MaterialFunctions02/PivotPainter2/Black_1x1_EXR_Texture.uasset" 285
"../../../Engine/Content/EngineMaterials/FlattenMaterial.uasset" 286
"../../../Engine/Content/EngineMaterials/FlattenMaterial.uexp" 287
"../../../Engine/Content/EngineMaterials/DefaultWhiteGrid_Low.uasset" 288
"../../../Engine/Content/EngineMaterials/DefaultWhiteGrid_Low.uexp" 289
"../../../Engine/Content/EngineMaterials/EmissiveMeshMaterial.uexp" 290
"../../../Engine/Content/EngineMaterials/EmissiveMeshMaterial.uasset" 291
"../../../Engine/Content/EngineMaterials/BaseFlattenEmissiveMap_VT.uexp" 292
"../../../Engine/Content/EngineMaterials/BaseFlattenEmissiveMap_VT.uasset" 293
"../../../Engine/Content/EngineMaterials/BaseFlattenDiffuseMap_VT.uasset" 294
"../../../Engine/Content/EngineMaterials/BaseFlattenDiffuseMap_VT.uexp" 295
"../../../Engine/Content/EngineMaterials/BaseFlattenLinearColor_VT.uasset" 296
"../../../Engine/Content/EngineMaterials/BaseFlattenLinearColor_VT.uexp" 297
"../../../Engine/Content/EngineMaterials/BaseFlattenGrayscaleMap_VT.uexp" 298
"../../../Engine/Content/EngineMaterials/BaseFlattenGrayscaleMap_VT.uasset" 299
"../../../Engine/Content/EngineMaterials/BaseFlattenNormalMap_VT.uasset" 300
"../../../Engine/Content/EngineMaterials/BaseFlattenNormalMap_VT.uexp" 301
"../../../Engine/Content/EngineMaterials/Black_1x1_EXR_Texture_VT.uasset" 302
"../../../Engine/Content/EngineMaterials/Black_1x1_EXR_Texture_VT.uexp" 303
"../../../Engine/Content/EngineMaterials/FlattenMaterial_WS_Normal_VT.uexp" 304
"../../../Engine/Content/EngineMaterials/FlattenMaterial_WS_Normal_VT.uasset" 305
"../../../Engine/Content/EngineMaterials/RemoveSurfaceMaterial.uasset" 306
"../../../Engine/Content/EngineMaterials/RemoveSurfaceMaterial.uexp" 307
"../../../Engine/Content/EngineMaterials/DefaultDiffuse.ubulk" 308
"../../../Engine/Content/EngineMaterials/DefaultDiffuse.uexp" 309
"../../../Engine/Content/EngineMaterials/DefaultDiffuse.uasset" 310
"../../../Engine/Content/EngineMaterials/DefaultDeferredDecalMaterial.uexp" 311
"../../../Engine/Content/EngineMaterials/DefaultDeferredDecalMaterial.uasset" 312
"../../../Engine/Content/Functions/Engine_MaterialFunctions02/Utility/BreakOutFloat2Components.uasset" 313
"../../../Engine/Content/Functions/Engine_MaterialFunctions02/Utility/BreakOutFloat2Components.uexp" 314
"../../../Engine/Content/EngineMaterials/DefaultPostProcessMaterial.uexp" 315
"../../../Engine/Content/EngineMaterials/DefaultPostProcessMaterial.uasset" 316
"../../../Engine/Content/EngineMaterials/FlattenMaterial_VT.uasset" 317
"../../../Engine/Content/EngineMaterials/FlattenMaterial_VT.uexp" 318
"../../../Engine/Content/EngineMaterials/InvalidLightmapSettings.ubulk" 319
"../../../Engine/Content/EngineMaterials/InvalidLightmapSettings.uasset" 320
"../../../Engine/Content/EngineMaterials/InvalidLightmapSettings.uexp" 321
"../../../Engine/Content/EngineMaterials/M_InvalidLightmapSettings.uexp" 322
"../../../Engine/Content/EngineMaterials/M_InvalidLightmapSettings.uasset" 323
"../../../Engine/Content/EngineFonts/RobotoDistanceField.uexp" 324
"../../../Engine/Content/EngineFonts/RobotoDistanceField.uasset" 325
"../../../Engine/Content/EngineMaterials/DefaultTextMaterialOpaque.uexp" 326
"../../../Engine/Content/EngineMaterials/DefaultTextMaterialOpaque.uasset" 327
"../../../Engine/Content/EngineMaterials/DefaultLightFunctionMaterial.uasset" 328
"../../../Engine/Content/EngineMaterials/DefaultLightFunctionMaterial.uexp" 329
"../../../Engine/Plugins/Animation/ControlRig/Content/Controls/ControlRigGizmoMaterial.uasset" 330
"../../../Engine/Plugins/Animation/ControlRig/Content/Controls/ControlRigGizmoMaterial.uexp" 331
"../../../Engine/Plugins/Animation/ControlRig/Content/Controls/ControlRigXRayMaterial.uexp" 332
"../../../Engine/Plugins/Animation/ControlRig/Content/Controls/ControlRigXRayMaterial.uasset" 333
"../../../Engine/Content/EditorLandscapeResources/DefaultAlphaTexture.uexp" 334
"../../../Engine/Content/EditorLandscapeResources/DefaultAlphaTexture.uasset" 335
"../../../Engine/Content/EditorLandscapeResources/LandscapeDirtyMaterial.uexp" 336
"../../../Engine/Content/EditorLandscapeResources/LandscapeDirtyMaterial.uasset" 337
"../../../Engine/Content/Functions/Engine_MaterialFunctions01/Texturing/ScaleUVsByCenter.uexp" 338
"../../../Engine/Content/Functions/Engine_MaterialFunctions01/Texturing/ScaleUVsByCenter.uasset" 339
"../../../Engine/Content/Functions/Engine_MaterialFunctions02/WorldPositionOffset/LocalPosition.uexp" 340
"../../../Engine/Content/Functions/Engine_MaterialFunctions02/WorldPositionOffset/LocalPosition.uasset" 341
"../../../Engine/Content/Functions/Engine_MaterialFunctions01/Texturing/TextureCropping.uasset" 342
"../../../Engine/Content/Functions/Engine_MaterialFunctions01/Texturing/TextureCropping.uexp" 343
"../../../Engine/Content/Functions/Engine_MaterialFunctions02/ExampleContent/DebugNumberStrip.uexp" 344
"../../../Engine/Content/Functions/Engine_MaterialFunctions02/ExampleContent/DebugNumberStrip.uasset" 345
"../../../Engine/Content/Functions/Engine_MaterialFunctions01/Debug/DebugIntValues.uexp" 346
"../../../Engine/Content/Functions/Engine_MaterialFunctions01/Debug/DebugIntValues.uasset" 347
"../../../Engine/Content/EditorLandscapeResources/LandscapeLayerUsageMaterial.uexp" 348
"../../../Engine/Content/EditorLandscapeResources/LandscapeLayerUsageMaterial.uasset" 349
"../../../Engine/Content/EditorLandscapeResources/WhiteSquareTexture.uexp" 350
"../../../Engine/Content/EditorLandscapeResources/WhiteSquareTexture.uasset" 351
"../../../Engine/Content/EditorLandscapeResources/LayerVisMaterial.uexp" 352
"../../../Engine/Content/EditorLandscapeResources/LayerVisMaterial.uasset" 353
"../../../Engine/Plugins/Animation/ControlRig/Content/M_Manip.uasset" 354
"../../../Engine/Plugins/Animation/ControlRig/Content/M_Manip.uexp" 355
"../../../Engine/Content/EngineMeshes/Sphere.uexp" 356
"../../../Engine/Content/EngineMeshes/Sphere.ubulk" 357
"../../../Engine/Content/EngineMeshes/Sphere.uasset" 358
"../../../Engine/Content/Functions/Engine_MaterialFunctions01/Opacity/CameraDepthFade.uexp" 359
"../../../Engine/Content/Functions/Engine_MaterialFunctions01/Opacity/CameraDepthFade.uasset" 360
"../../../Engine/Content/EngineMaterials/T_Default_Material_Grid_M.uasset" 361
"../../../Engine/Content/EngineMaterials/T_Default_Material_Grid_M.ubulk" 362
"../../../Engine/Content/EngineMaterials/T_Default_Material_Grid_M.uexp" 363
"../../../Engine/Content/EngineMaterials/T_Default_Material_Grid_N.uasset" 364
"../../../Engine/Content/EngineMaterials/T_Default_Material_Grid_N.uexp" 365
"../../../Engine/Content/EngineMaterials/T_Default_Material_Grid_N.ubulk" 366
"../../../Engine/Content/EngineMaterials/WorldGridMaterial.uexp" 367
"../../../Engine/Content/EngineMaterials/WorldGridMaterial.uasset" 368
"../../../Engine/Content/ArtTools/RenderToTexture/Meshes/S_1_Unit_Plane.uexp" 369
"../../../Engine/Content/ArtTools/RenderToTexture/Meshes/S_1_Unit_Plane.ubulk" 370
"../../../Engine/Content/ArtTools/RenderToTexture/Meshes/S_1_Unit_Plane.uasset" 371
"../../../Engine/Content/EngineMaterials/Substrate/GLints/AGlintTex2dArray.uasset" 372
"../../../Engine/Content/EngineMaterials/Substrate/GLints/AGlintTex2dArray.uexp" 373
"../../../Engine/Content/EngineMaterials/Substrate/Glints2/AGlintTex2dArray2.uasset" 374
"../../../Engine/Content/EngineMaterials/Substrate/Glints2/AGlintTex2dArray2.uexp" 375
"../../../Engine/Content/EngineResources/Black.uasset" 376
"../../../Engine/Content/EngineResources/Black.uexp" 377
"../../../Engine/Plugins/Runtime/OpenXR/Content/Devices/M_XRController.uexp" 378
"../../../Engine/Plugins/Runtime/OpenXR/Content/Devices/M_XRController.uasset" 379
"../../../Engine/Plugins/Runtime/OpenXR/Content/Devices/MicrosoftMixedReality/MRTexture.ubulk" 380
"../../../Engine/Plugins/Runtime/OpenXR/Content/Devices/MicrosoftMixedReality/MRTexture.uasset" 381
"../../../Engine/Plugins/Runtime/OpenXR/Content/Devices/MicrosoftMixedReality/MRTexture.uexp" 382
"../../../Engine/Plugins/Runtime/OpenXR/Content/Devices/MicrosoftMixedReality/BaseTexture.ubulk" 383
"../../../Engine/Plugins/Runtime/OpenXR/Content/Devices/MicrosoftMixedReality/BaseTexture.uexp" 384
"../../../Engine/Plugins/Runtime/OpenXR/Content/Devices/MicrosoftMixedReality/BaseTexture.uasset" 385
"../../../Engine/Plugins/Runtime/OpenXR/Content/Devices/MicrosoftMixedReality/NormalTexture.uexp" 386
"../../../Engine/Plugins/Runtime/OpenXR/Content/Devices/MicrosoftMixedReality/NormalTexture.uasset" 387
"../../../Engine/Plugins/Runtime/OpenXR/Content/Devices/MicrosoftMixedReality/NormalTexture.ubulk" 388
"../../../Engine/Plugins/Runtime/OpenXR/Content/Devices/MicrosoftMixedReality/EmissiveTexture.uasset" 389
"../../../Engine/Plugins/Runtime/OpenXR/Content/Devices/MicrosoftMixedReality/EmissiveTexture.uexp" 390
"../../../Engine/Plugins/Runtime/OpenXR/Content/Devices/MicrosoftMixedReality/EmissiveTexture.ubulk" 391
"../../../Engine/Plugins/Runtime/OpenXR/Content/Devices/MicrosoftMixedReality/MI_MicrosoftMixedReality.uasset" 392
"../../../Engine/Plugins/Runtime/OpenXR/Content/Devices/MicrosoftMixedReality/MI_MicrosoftMixedReality.uexp" 393
"../../../Engine/Plugins/Runtime/OpenXR/Content/Devices/MicrosoftMixedReality/Left/left_MicrosoftMixedRealityController.ubulk" 394
"../../../Engine/Plugins/Runtime/OpenXR/Content/Devices/MicrosoftMixedReality/Left/left_MicrosoftMixedRealityController.uexp" 395
"../../../Engine/Plugins/Runtime/OpenXR/Content/Devices/MicrosoftMixedReality/Left/left_MicrosoftMixedRealityController.uasset" 396
"../../../Engine/Plugins/Runtime/OpenXR/Content/Devices/MicrosoftMixedReality/Right/right_MicrosoftMixedRealityController.uexp" 397
"../../../Engine/Plugins/Runtime/OpenXR/Content/Devices/MicrosoftMixedReality/Right/right_MicrosoftMixedRealityController.uasset" 398
"../../../Engine/Plugins/Runtime/OpenXR/Content/Devices/MicrosoftMixedReality/Right/right_MicrosoftMixedRealityController.ubulk" 399
"../../../Engine/Plugins/Runtime/OpenXR/Content/Devices/OculusTouch/MRTexture.ubulk" 400
"../../../Engine/Plugins/Runtime/OpenXR/Content/Devices/OculusTouch/MRTexture.uasset" 401
"../../../Engine/Plugins/Runtime/OpenXR/Content/Devices/OculusTouch/MRTexture.uexp" 402
"../../../Engine/Plugins/Runtime/OpenXR/Content/Devices/OculusTouch/BaseTexture.ubulk" 403
"../../../Engine/Plugins/Runtime/OpenXR/Content/Devices/OculusTouch/BaseTexture.uexp" 404
"../../../Engine/Plugins/Runtime/OpenXR/Content/Devices/OculusTouch/BaseTexture.uasset" 405
"../../../Engine/Plugins/Runtime/OpenXR/Content/Devices/OculusTouch/MI_OculusTouch.uasset" 406
"../../../Engine/Plugins/Runtime/OpenXR/Content/Devices/OculusTouch/MI_OculusTouch.uexp" 407
"../../../Engine/Plugins/Runtime/OpenXR/Content/Devices/OculusTouch/Left/left_OculusTouchController.ubulk" 408
"../../../Engine/Plugins/Runtime/OpenXR/Content/Devices/OculusTouch/Left/left_OculusTouchController.uexp" 409
"../../../Engine/Plugins/Runtime/OpenXR/Content/Devices/OculusTouch/Left/left_OculusTouchController.uasset" 410
"../../../Engine/Plugins/Runtime/OpenXR/Content/Devices/OculusTouch/Right/right_OculusTouchController.uexp" 411
"../../../Engine/Plugins/Runtime/OpenXR/Content/Devices/OculusTouch/Right/right_OculusTouchController.uasset" 412
"../../../Engine/Plugins/Runtime/OpenXR/Content/Devices/OculusTouch/Right/right_OculusTouchController.ubulk" 413
"../../../Engine/Plugins/Runtime/OpenXR/Content/Devices/OculusTouch_v2/MRTexture.ubulk" 414
"../../../Engine/Plugins/Runtime/OpenXR/Content/Devices/OculusTouch_v2/MRTexture.uasset" 415
"../../../Engine/Plugins/Runtime/OpenXR/Content/Devices/OculusTouch_v2/MRTexture.uexp" 416
"../../../Engine/Plugins/Runtime/OpenXR/Content/Devices/OculusTouch_v2/BaseTexture.ubulk" 417
"../../../Engine/Plugins/Runtime/OpenXR/Content/Devices/OculusTouch_v2/BaseTexture.uexp" 418
"../../../Engine/Plugins/Runtime/OpenXR/Content/Devices/OculusTouch_v2/BaseTexture.uasset" 419
"../../../Engine/Plugins/Runtime/OpenXR/Content/Devices/OculusTouch_v2/MI_OculusTouch_v2.uasset" 420
"../../../Engine/Plugins/Runtime/OpenXR/Content/Devices/OculusTouch_v2/MI_OculusTouch_v2.uexp" 421
"../../../Engine/Plugins/Runtime/OpenXR/Content/Devices/OculusTouch_v2/Left/left_OculusTouch_v2Controller.ubulk" 422
"../../../Engine/Plugins/Runtime/OpenXR/Content/Devices/OculusTouch_v2/Left/left_OculusTouch_v2Controller.uasset" 423
"../../../Engine/Plugins/Runtime/OpenXR/Content/Devices/OculusTouch_v2/Left/left_OculusTouch_v2Controller.uexp" 424
"../../../Engine/Plugins/Runtime/OpenXR/Content/Devices/OculusTouch_v2/Right/right_OculusTouch_v2Controller.uasset" 425
"../../../Engine/Plugins/Runtime/OpenXR/Content/Devices/OculusTouch_v2/Right/right_OculusTouch_v2Controller.uexp" 426
"../../../Engine/Plugins/Runtime/OpenXR/Content/Devices/OculusTouch_v2/Right/right_OculusTouch_v2Controller.ubulk" 427
"../../../Engine/Plugins/Runtime/OpenXR/Content/Devices/OculusTouch_v3/MRTexture.ubulk" 428
"../../../Engine/Plugins/Runtime/OpenXR/Content/Devices/OculusTouch_v3/MRTexture.uasset" 429
"../../../Engine/Plugins/Runtime/OpenXR/Content/Devices/OculusTouch_v3/MRTexture.uexp" 430
"../../../Engine/Plugins/Runtime/OpenXR/Content/Devices/OculusTouch_v3/BaseTexture.ubulk" 431
"../../../Engine/Plugins/Runtime/OpenXR/Content/Devices/OculusTouch_v3/BaseTexture.uexp" 432
"../../../Engine/Plugins/Runtime/OpenXR/Content/Devices/OculusTouch_v3/BaseTexture.uasset" 433
"../../../Engine/Plugins/Runtime/OpenXR/Content/Devices/OculusTouch_v3/MI_OculusTouch_v3.uexp" 434
"../../../Engine/Plugins/Runtime/OpenXR/Content/Devices/OculusTouch_v3/MI_OculusTouch_v3.uasset" 435
"../../../Engine/Plugins/Runtime/OpenXR/Content/Devices/OculusTouch_v3/Left/left_OculusTouch_v3Controller.ubulk" 436
"../../../Engine/Plugins/Runtime/OpenXR/Content/Devices/OculusTouch_v3/Left/left_OculusTouch_v3Controller.uasset" 437
"../../../Engine/Plugins/Runtime/OpenXR/Content/Devices/OculusTouch_v3/Left/left_OculusTouch_v3Controller.uexp" 438
"../../../Engine/Plugins/Runtime/OpenXR/Content/Devices/OculusTouch_v3/Right/right_OculusTouch_v3Controller.uasset" 439
"../../../Engine/Plugins/Runtime/OpenXR/Content/Devices/OculusTouch_v3/Right/right_OculusTouch_v3Controller.uexp" 440
"../../../Engine/Plugins/Runtime/OpenXR/Content/Devices/OculusTouch_v3/Right/right_OculusTouch_v3Controller.ubulk" 441
"../../../Engine/Plugins/Runtime/OpenXR/Content/Devices/ValveIndex/MRTexture.ubulk" 442
"../../../Engine/Plugins/Runtime/OpenXR/Content/Devices/ValveIndex/MRTexture.uasset" 443
"../../../Engine/Plugins/Runtime/OpenXR/Content/Devices/ValveIndex/MRTexture.uexp" 444
"../../../Engine/Plugins/Runtime/OpenXR/Content/Devices/ValveIndex/BaseTexture.ubulk" 445
"../../../Engine/Plugins/Runtime/OpenXR/Content/Devices/ValveIndex/BaseTexture.uexp" 446
"../../../Engine/Plugins/Runtime/OpenXR/Content/Devices/ValveIndex/BaseTexture.uasset" 447
"../../../Engine/Plugins/Runtime/OpenXR/Content/Devices/ValveIndex/Left/MI_left_ValveIndex.uexp" 448
"../../../Engine/Plugins/Runtime/OpenXR/Content/Devices/ValveIndex/Left/MI_left_ValveIndex.uasset" 449
"../../../Engine/Plugins/Runtime/OpenXR/Content/Devices/ValveIndex/Left/left_ValveIndexController.ubulk" 450
"../../../Engine/Plugins/Runtime/OpenXR/Content/Devices/ValveIndex/Left/left_ValveIndexController.uasset" 451
"../../../Engine/Plugins/Runtime/OpenXR/Content/Devices/ValveIndex/Left/left_ValveIndexController.uexp" 452
"../../../Engine/Plugins/Runtime/OpenXR/Content/Devices/ValveIndex/Right/MI_right_ValveIndex.uasset" 453
"../../../Engine/Plugins/Runtime/OpenXR/Content/Devices/ValveIndex/Right/MI_right_ValveIndex.uexp" 454
"../../../Engine/Plugins/Runtime/OpenXR/Content/Devices/ValveIndex/Right/right_ValveIndexController.ubulk" 455
"../../../Engine/Plugins/Runtime/OpenXR/Content/Devices/ValveIndex/Right/right_ValveIndexController.uasset" 456
"../../../Engine/Plugins/Runtime/OpenXR/Content/Devices/ValveIndex/Right/right_ValveIndexController.uexp" 457
"../../../Engine/Content/Functions/Engine_MaterialFunctions02/Math/Transform3x3Matrix.uasset" 458
"../../../Engine/Content/Functions/Engine_MaterialFunctions02/Math/Transform3x3Matrix.uexp" 459
"../../../Engine/Plugins/Interchange/Assets/Content/Utilities/New_LUT.uasset" 460
"../../../Engine/Plugins/Interchange/Assets/Content/Utilities/New_LUT.uexp" 461
"../../../Engine/Content/Functions/Engine_MaterialFunctions03/Math/RemapValueRange.uexp" 462
"../../../Engine/Content/Functions/Engine_MaterialFunctions03/Math/RemapValueRange.uasset" 463
"../../../Engine/Plugins/Interchange/Assets/Content/Functions/MF_Iridescence.uasset" 464
"../../../Engine/Plugins/Interchange/Assets/Content/Functions/MF_Iridescence.uexp" 465
"../../../Engine/Plugins/Interchange/Assets/Content/gltf/Textures/T_White_srgb.uasset" 466
"../../../Engine/Plugins/Interchange/Assets/Content/gltf/Textures/T_White_srgb.uexp" 467
"../../../Engine/Plugins/Interchange/Assets/Content/gltf/MaterialFunctions/MF_BaseColor.uexp" 468
"../../../Engine/Plugins/Interchange/Assets/Content/gltf/MaterialFunctions/MF_BaseColor.uasset" 469
"../../../Engine/Plugins/Interchange/Assets/Content/gltf/MaterialFunctions/MF_Emissive.uexp" 470
"../../../Engine/Plugins/Interchange/Assets/Content/gltf/MaterialFunctions/MF_Emissive.uasset" 471
"../../../Engine/Plugins/Interchange/Assets/Content/gltf/MaterialFunctions/MF_IOR.uexp" 472
"../../../Engine/Plugins/Interchange/Assets/Content/gltf/MaterialFunctions/MF_IOR.uasset" 473
"../../../Engine/Plugins/Interchange/Assets/Content/gltf/MaterialFunctions/MF_Iridescence.uasset" 474
"../../../Engine/Plugins/Interchange/Assets/Content/gltf/MaterialFunctions/MF_Iridescence.uexp" 475
"../../../Engine/Plugins/Interchange/Assets/Content/gltf/Textures/T_White_Linear.uexp" 476
"../../../Engine/Plugins/Interchange/Assets/Content/gltf/Textures/T_White_Linear.uasset" 477
"../../../Engine/Plugins/Interchange/Assets/Content/gltf/MaterialFunctions/MF_MetallicRoughness.uexp" 478
"../../../Engine/Plugins/Interchange/Assets/Content/gltf/MaterialFunctions/MF_MetallicRoughness.uasset" 479
"../../../Engine/Plugins/Interchange/Assets/Content/gltf/MaterialFunctions/MF_RotateNormals_TS.uexp" 480
"../../../Engine/Plugins/Interchange/Assets/Content/gltf/MaterialFunctions/MF_RotateNormals_TS.uasset" 481
"../../../Engine/Plugins/Interchange/Assets/Content/gltf/MaterialFunctions/MF_ScaleNormal.uasset" 482
"../../../Engine/Plugins/Interchange/Assets/Content/gltf/MaterialFunctions/MF_ScaleNormal.uexp" 483
"../../../Engine/Plugins/Interchange/Assets/Content/gltf/Textures/T_Generic_N.uasset" 484
"../../../Engine/Plugins/Interchange/Assets/Content/gltf/Textures/T_Generic_N.uexp" 485
"../../../Engine/Plugins/Interchange/Assets/Content/gltf/MaterialFunctions/MF_Normals.uasset" 486
"../../../Engine/Plugins/Interchange/Assets/Content/gltf/MaterialFunctions/MF_Normals.uexp" 487
"../../../Engine/Plugins/Interchange/Assets/Content/gltf/MaterialFunctions/MF_Occlusion.uasset" 488
"../../../Engine/Plugins/Interchange/Assets/Content/gltf/MaterialFunctions/MF_Occlusion.uexp" 489
"../../../Engine/Plugins/Interchange/Assets/Content/gltf/MaterialFunctions/MF_RotateV2.uasset" 490
"../../../Engine/Plugins/Interchange/Assets/Content/gltf/MaterialFunctions/MF_RotateV2.uexp" 491
"../../../Engine/Plugins/Interchange/Assets/Content/gltf/MaterialFunctions/MF_Specular.uexp" 492
"../../../Engine/Plugins/Interchange/Assets/Content/gltf/MaterialFunctions/MF_Specular.uasset" 493
"../../../Engine/Plugins/Interchange/Assets/Content/gltf/Textures/T_Anisotropy_Direction_Linear.uasset" 494
"../../../Engine/Plugins/Interchange/Assets/Content/gltf/Textures/T_Anisotropy_Direction_Linear.uexp" 495
"../../../Engine/Plugins/Interchange/Assets/Content/gltf/MaterialFunctions/MF_SpecularAnisotropy.uasset" 496
"../../../Engine/Plugins/Interchange/Assets/Content/gltf/MaterialFunctions/MF_SpecularAnisotropy.uexp" 497
"../../../Engine/Plugins/Interchange/Assets/Content/gltf/MaterialFunctions/MF_TransformUVs.uasset" 498
"../../../Engine/Plugins/Interchange/Assets/Content/gltf/MaterialFunctions/MF_TransformUVs.uexp" 499
"../../../Engine/Plugins/Interchange/Assets/Content/gltf/MaterialBodies/MF_Default_Body.uasset" 500
"../../../Engine/Plugins/Interchange/Assets/Content/gltf/MaterialBodies/MF_Default_Body.uexp" 501
"../../../Engine/Plugins/Interchange/Assets/Content/gltf/M_Default.uasset" 502
"../../../Engine/Plugins/Interchange/Assets/Content/gltf/M_Default.uexp" 503
"../../../Engine/Plugins/Interchange/Assets/Content/gltf/MaterialInstances/MI_Default_Mask.uasset" 504
"../../../Engine/Plugins/Interchange/Assets/Content/gltf/MaterialInstances/MI_Default_Mask.uexp" 505
"../../../Engine/Plugins/Interchange/Assets/Content/gltf/MaterialFunctions/MF_DiffuseSpecGloss.uasset" 506
"../../../Engine/Plugins/Interchange/Assets/Content/gltf/MaterialFunctions/MF_DiffuseSpecGloss.uexp" 507
"../../../Engine/Plugins/Interchange/Assets/Content/gltf/MaterialFunctions/MF_MaxComponentValue.uexp" 508
"../../../Engine/Plugins/Interchange/Assets/Content/gltf/MaterialFunctions/MF_MaxComponentValue.uasset" 509
"../../../Engine/Content/Functions/Engine_MaterialFunctions02/Math/AddComponents.uexp" 510
"../../../Engine/Content/Functions/Engine_MaterialFunctions02/Math/AddComponents.uasset" 511
"../../../Engine/Plugins/Interchange/Assets/Content/gltf/MaterialFunctions/MF_PerceivedBrightness.uasset" 512
"../../../Engine/Plugins/Interchange/Assets/Content/gltf/MaterialFunctions/MF_PerceivedBrightness.uexp" 513
"../../../Engine/Plugins/Interchange/Assets/Content/gltf/MaterialFunctions/MF_SpecGlossToMetalRoughness.uasset" 514
"../../../Engine/Plugins/Interchange/Assets/Content/gltf/MaterialFunctions/MF_SpecGlossToMetalRoughness.uexp" 515
"../../../Engine/Plugins/Interchange/Assets/Content/gltf/MaterialBodies/MF_SpecularGlossiness_Body.uasset" 516
"../../../Engine/Plugins/Interchange/Assets/Content/gltf/MaterialBodies/MF_SpecularGlossiness_Body.uexp" 517
"../../../Engine/Plugins/Interchange/Assets/Content/gltf/M_SpecularGlossiness.uexp" 518
"../../../Engine/Plugins/Interchange/Assets/Content/gltf/M_SpecularGlossiness.uasset" 519
"../../../Engine/Plugins/Interchange/Assets/Content/gltf/MaterialInstances/MI_SpecularGlossiness_Blend_DS.uasset" 520
"../../../Engine/Plugins/Interchange/Assets/Content/gltf/MaterialInstances/MI_SpecularGlossiness_Blend_DS.uexp" 521
"../../../Engine/Plugins/Interchange/Assets/Content/gltf/MaterialFunctions/MF_Sheen.uasset" 522
"../../../Engine/Plugins/Interchange/Assets/Content/gltf/MaterialFunctions/MF_Sheen.uexp" 523
"../../../Engine/Plugins/Interchange/Assets/Content/gltf/MaterialBodies/MF_Sheen_Body.uexp" 524
"../../../Engine/Plugins/Interchange/Assets/Content/gltf/MaterialBodies/MF_Sheen_Body.uasset" 525
"../../../Engine/Plugins/Interchange/Assets/Content/gltf/M_Sheen.uasset" 526
"../../../Engine/Plugins/Interchange/Assets/Content/gltf/M_Sheen.uexp" 527
"../../../Engine/Plugins/Interchange/Assets/Content/gltf/MaterialInstances/MI_Sheen_Blend.uexp" 528
"../../../Engine/Plugins/Interchange/Assets/Content/gltf/MaterialInstances/MI_Sheen_Blend.uasset" 529
"../../../Engine/Content/Functions/Engine_MaterialFunctions01/Texturing/FlattenNormal.uasset" 530
"../../../Engine/Content/Functions/Engine_MaterialFunctions01/Texturing/FlattenNormal.uexp" 531
"../../../Engine/Plugins/Interchange/Assets/Content/gltf/MaterialFunctions/MF_Clearcoat.uexp" 532
"../../../Engine/Plugins/Interchange/Assets/Content/gltf/MaterialFunctions/MF_Clearcoat.uasset" 533
"../../../Engine/Plugins/Interchange/Assets/Content/gltf/MaterialBodies/MF_ClearCoat_Body.uexp" 534
"../../../Engine/Plugins/Interchange/Assets/Content/gltf/MaterialBodies/MF_ClearCoat_Body.uasset" 535
"../../../Engine/Plugins/Interchange/Assets/Content/gltf/M_ClearCoat.uexp" 536
"../../../Engine/Plugins/Interchange/Assets/Content/gltf/M_ClearCoat.uasset" 537
"../../../Engine/Plugins/Interchange/Assets/Content/gltf/MaterialInstances/MI_ClearCoat_Opaque_DS.uexp" 538
"../../../Engine/Plugins/Interchange/Assets/Content/gltf/MaterialInstances/MI_ClearCoat_Opaque_DS.uasset" 539
"../../../Engine/Plugins/Interchange/Assets/Content/gltf/MaterialInstances/MI_SpecularGlossiness_Blend.uasset" 540
"../../../Engine/Plugins/Interchange/Assets/Content/gltf/MaterialInstances/MI_SpecularGlossiness_Blend.uexp" 541
"../../../Engine/Plugins/Interchange/Assets/Content/gltf/MaterialInstances/MI_Default_Blend_DS.uexp" 542
"../../../Engine/Plugins/Interchange/Assets/Content/gltf/MaterialInstances/MI_Default_Blend_DS.uasset" 543
"../../../Engine/Plugins/Interchange/Assets/Content/gltf/MaterialInstances/MI_Default_Opaque.uexp" 544
"../../../Engine/Plugins/Interchange/Assets/Content/gltf/MaterialInstances/MI_Default_Opaque.uasset" 545
"../../../Engine/Plugins/Interchange/Assets/Content/gltf/MaterialInstances/MI_Default_Blend.uasset" 546
"../../../Engine/Plugins/Interchange/Assets/Content/gltf/MaterialInstances/MI_Default_Blend.uexp" 547
"../../../Engine/Plugins/Interchange/Assets/Content/gltf/MaterialInstances/MI_ClearCoat_Blend.uexp" 548
"../../../Engine/Plugins/Interchange/Assets/Content/gltf/MaterialInstances/MI_ClearCoat_Blend.uasset" 549
"../../../Engine/Plugins/Interchange/Assets/Content/gltf/MaterialBodies/MF_Unlit_Body.uasset" 550
"../../../Engine/Plugins/Interchange/Assets/Content/gltf/MaterialBodies/MF_Unlit_Body.uexp" 551
"../../../Engine/Plugins/Interchange/Assets/Content/gltf/M_Unlit.uasset" 552
"../../../Engine/Plugins/Interchange/Assets/Content/gltf/M_Unlit.uexp" 553
"../../../Engine/Plugins/Interchange/Assets/Content/gltf/MaterialInstances/MI_Unlit_Opaque_DS.uexp" 554
"../../../Engine/Plugins/Interchange/Assets/Content/gltf/MaterialInstances/MI_Unlit_Opaque_DS.uasset" 555
"../../../Engine/Plugins/Interchange/Assets/Content/gltf/MaterialInstances/MI_Sheen_Mask_DS.uasset" 556
"../../../Engine/Plugins/Interchange/Assets/Content/gltf/MaterialInstances/MI_Sheen_Mask_DS.uexp" 557
"../../../Engine/Plugins/Interchange/Assets/Content/gltf/MaterialInstances/MI_Sheen_Opaque.uasset" 558
"../../../Engine/Plugins/Interchange/Assets/Content/gltf/MaterialInstances/MI_Sheen_Opaque.uexp" 559
"../../../Engine/Plugins/Interchange/Assets/Content/gltf/MaterialInstances/MI_Default_Mask_DS.uexp" 560
"../../../Engine/Plugins/Interchange/Assets/Content/gltf/MaterialInstances/MI_Default_Mask_DS.uasset" 561
"../../../Engine/Plugins/Interchange/Assets/Content/gltf/MaterialInstances/MI_Default_Opaque_DS.uexp" 562
"../../../Engine/Plugins/Interchange/Assets/Content/gltf/MaterialInstances/MI_Default_Opaque_DS.uasset" 563
"../../../Engine/Plugins/Interchange/Assets/Content/gltf/MaterialInstances/MI_Unlit_Blend.uasset" 564
"../../../Engine/Plugins/Interchange/Assets/Content/gltf/MaterialInstances/MI_Unlit_Blend.uexp" 565
"../../../Engine/Plugins/Interchange/Assets/Content/gltf/MaterialInstances/MI_Sheen_Mask.uexp" 566
"../../../Engine/Plugins/Interchange/Assets/Content/gltf/MaterialInstances/MI_Sheen_Mask.uasset" 567
"../../../Engine/Plugins/Interchange/Assets/Content/gltf/MaterialInstances/MI_Unlit_Mask_DS.uasset" 568
"../../../Engine/Plugins/Interchange/Assets/Content/gltf/MaterialInstances/MI_Unlit_Mask_DS.uexp" 569
"../../../Engine/Plugins/Interchange/Assets/Content/gltf/MaterialInstances/MI_Sheen_Opaque_DS.uasset" 570
"../../../Engine/Plugins/Interchange/Assets/Content/gltf/MaterialInstances/MI_Sheen_Opaque_DS.uexp" 571
"../../../Engine/Plugins/Interchange/Assets/Content/gltf/MaterialInstances/MI_SpecularGlossiness_Mask.uexp" 572
"../../../Engine/Plugins/Interchange/Assets/Content/gltf/MaterialInstances/MI_SpecularGlossiness_Mask.uasset" 573
"../../../Engine/Plugins/Interchange/Assets/Content/gltf/MaterialInstances/MI_ClearCoat_Mask_DS.uexp" 574
"../../../Engine/Plugins/Interchange/Assets/Content/gltf/MaterialInstances/MI_ClearCoat_Mask_DS.uasset" 575
"../../../Engine/Plugins/Interchange/Assets/Content/gltf/MaterialInstances/MI_SpecularGlossiness_Opaque.uasset" 576
"../../../Engine/Plugins/Interchange/Assets/Content/gltf/MaterialInstances/MI_SpecularGlossiness_Opaque.uexp" 577
"../../../Engine/Plugins/Interchange/Assets/Content/gltf/MaterialInstances/MI_Unlit_Blend_DS.uexp" 578
"../../../Engine/Plugins/Interchange/Assets/Content/gltf/MaterialInstances/MI_Unlit_Blend_DS.uasset" 579
"../../../Engine/Plugins/Interchange/Assets/Content/gltf/MaterialInstances/MI_SpecularGlossiness_Opaque_DS.uexp" 580
"../../../Engine/Plugins/Interchange/Assets/Content/gltf/MaterialInstances/MI_SpecularGlossiness_Opaque_DS.uasset" 581
"../../../Engine/Content/EngineMaterials/Good64x64TilingNoiseHighFreq.uasset" 582
"../../../Engine/Content/EngineMaterials/Good64x64TilingNoiseHighFreq.uexp" 583
"../../../Engine/Content/Functions/Engine_MaterialFunctions02/Texturing/ScreenAlignedPixelToPixelUVs.uasset" 584
"../../../Engine/Content/Functions/Engine_MaterialFunctions02/Texturing/ScreenAlignedPixelToPixelUVs.uexp" 585
"../../../Engine/Plugins/Interchange/Assets/Content/gltf/MaterialFunctions/MF_Fresnel_DS.uexp" 586
"../../../Engine/Plugins/Interchange/Assets/Content/gltf/MaterialFunctions/MF_Fresnel_DS.uasset" 587
"../../../Engine/Plugins/Interchange/Assets/Content/gltf/MaterialFunctions/MF_Temporal_Blur.uexp" 588
"../../../Engine/Plugins/Interchange/Assets/Content/gltf/MaterialFunctions/MF_Temporal_Blur.uasset" 589
"../../../Engine/Plugins/Interchange/Assets/Content/gltf/MaterialFunctions/MF_Transmission.uasset" 590
"../../../Engine/Plugins/Interchange/Assets/Content/gltf/MaterialFunctions/MF_Transmission.uexp" 591
"../../../Engine/Plugins/Interchange/Assets/Content/gltf/MaterialBodies/MF_Transmission_Body.uasset" 592
"../../../Engine/Plugins/Interchange/Assets/Content/gltf/MaterialBodies/MF_Transmission_Body.uexp" 593
"../../../Engine/Plugins/Interchange/Assets/Content/gltf/M_Transmission.uasset" 594
"../../../Engine/Plugins/Interchange/Assets/Content/gltf/M_Transmission.uexp" 595
"../../../Engine/Plugins/Interchange/Assets/Content/gltf/MaterialInstances/MI_Transmission_DS.uexp" 596
"../../../Engine/Plugins/Interchange/Assets/Content/gltf/MaterialInstances/MI_Transmission_DS.uasset" 597
"../../../Engine/Plugins/Interchange/Assets/Content/gltf/MaterialInstances/MI_ClearCoat_Opaque.uexp" 598
"../../../Engine/Plugins/Interchange/Assets/Content/gltf/MaterialInstances/MI_ClearCoat_Opaque.uasset" 599
"../../../Engine/Plugins/Interchange/Assets/Content/gltf/MaterialInstances/MI_Unlit_Opaque.uexp" 600
"../../../Engine/Plugins/Interchange/Assets/Content/gltf/MaterialInstances/MI_Unlit_Opaque.uasset" 601
"../../../Engine/Plugins/Interchange/Assets/Content/gltf/MaterialInstances/MI_Unlit_Mask.uasset" 602
"../../../Engine/Plugins/Interchange/Assets/Content/gltf/MaterialInstances/MI_Unlit_Mask.uexp" 603
"../../../Engine/Plugins/Interchange/Assets/Content/gltf/MaterialInstances/MI_SpecularGlossiness_Mask_DS.uexp" 604
"../../../Engine/Plugins/Interchange/Assets/Content/gltf/MaterialInstances/MI_SpecularGlossiness_Mask_DS.uasset" 605
"../../../Engine/Plugins/Interchange/Assets/Content/gltf/MaterialInstances/MI_ClearCoat_Blend_DS.uexp" 606
"../../../Engine/Plugins/Interchange/Assets/Content/gltf/MaterialInstances/MI_ClearCoat_Blend_DS.uasset" 607
"../../../Engine/Plugins/Interchange/Assets/Content/gltf/MaterialInstances/MI_Transmission.uexp" 608
"../../../Engine/Plugins/Interchange/Assets/Content/gltf/MaterialInstances/MI_Transmission.uasset" 609
"../../../Engine/Plugins/Interchange/Assets/Content/gltf/MaterialInstances/MI_ClearCoat_Mask.uexp" 610
"../../../Engine/Plugins/Interchange/Assets/Content/gltf/MaterialInstances/MI_ClearCoat_Mask.uasset" 611
"../../../Engine/Plugins/Interchange/Assets/Content/gltf/MaterialInstances/MI_Sheen_Blend_DS.uexp" 612
"../../../Engine/Plugins/Interchange/Assets/Content/gltf/MaterialInstances/MI_Sheen_Blend_DS.uasset" 613
"../../../Engine/Plugins/Runtime/OpenXR/Content/Devices/HTCVive/BaseTexture.ubulk" 614
"../../../Engine/Plugins/Runtime/OpenXR/Content/Devices/HTCVive/BaseTexture.uexp" 615
"../../../Engine/Plugins/Runtime/OpenXR/Content/Devices/HTCVive/BaseTexture.uasset" 616
"../../../Engine/Plugins/Runtime/OpenXR/Content/Devices/HTCVive/MI_HTCVive.uasset" 617
"../../../Engine/Plugins/Runtime/OpenXR/Content/Devices/HTCVive/MI_HTCVive.uexp" 618
"../../../Engine/Plugins/Runtime/OpenXR/Content/Devices/HTCVive/HTCViveController.uasset" 619
"../../../Engine/Plugins/Runtime/OpenXR/Content/Devices/HTCVive/HTCViveController.ubulk" 620
"../../../Engine/Plugins/Runtime/OpenXR/Content/Devices/HTCVive/HTCViveController.uexp" 621
"../../../Engine/Plugins/Runtime/OpenXR/Content/Devices/OculusGo/BaseTexture.ubulk" 622
"../../../Engine/Plugins/Runtime/OpenXR/Content/Devices/OculusGo/BaseTexture.uexp" 623
"../../../Engine/Plugins/Runtime/OpenXR/Content/Devices/OculusGo/BaseTexture.uasset" 624
"../../../Engine/Plugins/Runtime/OpenXR/Content/Devices/OculusGo/MI_OculusGo.uasset" 625
"../../../Engine/Plugins/Runtime/OpenXR/Content/Devices/OculusGo/MI_OculusGo.uexp" 626
"../../../Engine/Plugins/Runtime/OpenXR/Content/Devices/OculusGo/OculusGoController.uasset" 627
"../../../Engine/Plugins/Runtime/OpenXR/Content/Devices/OculusGo/OculusGoController.uexp" 628
"../../../Engine/Plugins/Runtime/OpenXR/Content/Devices/OculusGo/OculusGoController.ubulk" 629
"../../../Engine/Content/VREditor/TransformGizmo/TranslucentTransformGizmoMaterial.uasset" 630
"../../../Engine/Content/VREditor/TransformGizmo/TranslucentTransformGizmoMaterial.uexp" 631
"../../../Engine/Content/VREditor/LaserPointer/VR_LaserPower_01.uexp" 632
"../../../Engine/Content/VREditor/LaserPointer/VR_LaserPower_01.ubulk" 633
"../../../Engine/Content/VREditor/LaserPointer/VR_LaserPower_01.uasset" 634
"../../../Engine/Content/VREditor/TransformGizmo/TransformGizmoMaterial.uasset" 635
"../../../Engine/Content/VREditor/TransformGizmo/TransformGizmoMaterial.uexp" 636
"../../../Engine/Content/VREditor/TransformGizmo/BoundingBoxCorner.ubulk" 637
"../../../Engine/Content/VREditor/TransformGizmo/BoundingBoxCorner.uasset" 638
"../../../Engine/Content/VREditor/TransformGizmo/BoundingBoxCorner.uexp" 639
"../../../Engine/Content/VREditor/TransformGizmo/Main.uasset" 640
"../../../Engine/Content/VREditor/TransformGizmo/Main.uexp" 641
"../../../Engine/Content/VREditor/TransformGizmo/Xray.uexp" 642
"../../../Engine/Content/VREditor/TransformGizmo/Xray.uasset" 643
"../../../Engine/Content/VREditor/TransformGizmo/SM_Sequencer_Node.uexp" 644
"../../../Engine/Content/VREditor/TransformGizmo/SM_Sequencer_Node.ubulk" 645
"../../../Engine/Content/VREditor/TransformGizmo/SM_Sequencer_Node.uasset" 646
"../../../Engine/Content/VREditor/TransformGizmo/BoundingBoxEdge.ubulk" 647
"../../../Engine/Content/VREditor/TransformGizmo/BoundingBoxEdge.uexp" 648
"../../../Engine/Content/VREditor/TransformGizmo/BoundingBoxEdge.uasset" 649
"../../../Engine/Content/EditorMaterials/Camera/CineMat.uasset" 650
"../../../Engine/Content/EditorMaterials/Camera/CineMat.uexp" 651
"../../../Engine/Content/EditorMaterials/Camera/MI_CineMat_Rig.uasset" 652
"../../../Engine/Content/EditorMaterials/Camera/MI_CineMat_Rig.uexp" 653
"../../../Engine/Content/EditorMeshes/Camera/SM_CraneRig_Body.ubulk" 654
"../../../Engine/Content/EditorMeshes/Camera/SM_CraneRig_Body.uasset" 655
"../../../Engine/Content/EditorMeshes/Camera/SM_CraneRig_Body.uexp" 656
"../../../Engine/Content/EditorMeshes/Camera/SM_RailRig_Mount.ubulk" 657
"../../../Engine/Content/EditorMeshes/Camera/SM_RailRig_Mount.uexp" 658
"../../../Engine/Content/EditorMeshes/Camera/SM_RailRig_Mount.uasset" 659
"../../../Engine/Content/EditorMeshes/Camera/SM_CraneRig_Base.ubulk" 660
"../../../Engine/Content/EditorMeshes/Camera/SM_CraneRig_Base.uexp" 661
"../../../Engine/Content/EditorMeshes/Camera/SM_CraneRig_Base.uasset" 662
"../../../Engine/Content/EditorMeshes/Camera/SM_CraneRig_Mount.uexp" 663
"../../../Engine/Content/EditorMeshes/Camera/SM_CraneRig_Mount.ubulk" 664
"../../../Engine/Content/EditorMeshes/Camera/SM_CraneRig_Mount.uasset" 665
"../../../Engine/Content/EditorMeshes/Camera/SM_CraneRig_Arm.ubulk" 666
"../../../Engine/Content/EditorMeshes/Camera/SM_CraneRig_Arm.uexp" 667
"../../../Engine/Content/EditorMeshes/Camera/SM_CraneRig_Arm.uasset" 668
"../../../Engine/Content/EditorMeshes/Camera/SM_RailRig_Track.uexp" 669
"../../../Engine/Content/EditorMeshes/Camera/SM_RailRig_Track.ubulk" 670
"../../../Engine/Content/EditorMeshes/Camera/SM_RailRig_Track.uasset" 671
"../../../Engine/Content/EngineResources/WhiteSquareTexture.uexp" 672
"../../../Engine/Content/EngineResources/WhiteSquareTexture.uasset" 673
"../../../Engine/Content/EngineMaterials/Widget3DPassThrough.uexp" 674
"../../../Engine/Content/EngineMaterials/Widget3DPassThrough.uasset" 675
"../../../Engine/Content/EngineMaterials/Widget3DPassThrough_Masked.uasset" 676
"../../../Engine/Content/EngineMaterials/Widget3DPassThrough_Masked.uexp" 677
"../../../Engine/Content/EngineMaterials/Widget3DPassThrough_Translucent.uasset" 678
"../../../Engine/Content/EngineMaterials/Widget3DPassThrough_Translucent.uexp" 679
"../../../Engine/Content/EngineMaterials/Widget3DPassThrough_Translucent_OneSided.uasset" 680
"../../../Engine/Content/EngineMaterials/Widget3DPassThrough_Translucent_OneSided.uexp" 681
"../../../Engine/Content/EngineMaterials/Widget3DPassThrough_Opaque.uasset" 682
"../../../Engine/Content/EngineMaterials/Widget3DPassThrough_Opaque.uexp" 683
"../../../Engine/Content/EngineMaterials/Widget3DPassThrough_Masked_OneSided.uexp" 684
"../../../Engine/Content/EngineMaterials/Widget3DPassThrough_Masked_OneSided.uasset" 685
"../../../Engine/Content/EngineMaterials/Widget3DPassThrough_Opaque_OneSided.uasset" 686
"../../../Engine/Content/EngineMaterials/Widget3DPassThrough_Opaque_OneSided.uexp" 687
"../../../Engine/Content/EngineMaterials/WeightMapPlaceholderTexture.uasset" 688
"../../../Engine/Content/EngineMaterials/WeightMapPlaceholderTexture.uexp" 689
"../../../Engine/Content/EngineMaterials/WeightMapArrayPlaceholderTexture.uasset" 690
"../../../Engine/Content/EngineMaterials/WeightMapArrayPlaceholderTexture.uexp" 691
"../../../Engine/Content/EngineResources/DefaultTextureCube.uasset" 692
"../../../Engine/Content/EngineResources/DefaultTextureCube.uexp" 693
"../../../Engine/Content/EngineResources/DefaultVolumeTexture2D.uexp" 694
"../../../Engine/Content/EngineResources/DefaultVolumeTexture2D.uasset" 695
"../../../Engine/Content/EngineResources/DefaultVolumeTexture.uexp" 696
"../../../Engine/Content/EngineResources/DefaultVolumeTexture.uasset" 697
"../../../Engine/Plugins/Animation/ControlRig/Content/Controls/ControlRig_RoundedTriangle_1mm.uexp" 698
"../../../Engine/Plugins/Animation/ControlRig/Content/Controls/ControlRig_RoundedTriangle_1mm.uasset" 699
"../../../Engine/Plugins/Animation/ControlRig/Content/Controls/ControlRig_RoundedTriangle_1mm.ubulk" 700
"../../../Engine/Plugins/Animation/ControlRig/Content/Controls/ControlRig_Circle_3mm.ubulk" 701
"../../../Engine/Plugins/Animation/ControlRig/Content/Controls/ControlRig_Circle_3mm.uasset" 702
"../../../Engine/Plugins/Animation/ControlRig/Content/Controls/ControlRig_Circle_3mm.uexp" 703
"../../../Engine/Plugins/Animation/ControlRig/Content/Controls/ControlRig_QuarterCircle_1mm.uexp" 704
"../../../Engine/Plugins/Animation/ControlRig/Content/Controls/ControlRig_QuarterCircle_1mm.uasset" 705
"../../../Engine/Plugins/Animation/ControlRig/Content/Controls/ControlRig_QuarterCircle_1mm.ubulk" 706
"../../../Engine/Plugins/Animation/ControlRig/Content/Controls/ControlRig_Pyramid_1mm.ubulk" 707
"../../../Engine/Plugins/Animation/ControlRig/Content/Controls/ControlRig_Pyramid_1mm.uasset" 708
"../../../Engine/Plugins/Animation/ControlRig/Content/Controls/ControlRig_Pyramid_1mm.uexp" 709
"../../../Engine/Plugins/Animation/ControlRig/Content/Controls/ControlRig_Arrow4_1mm.ubulk" 710
"../../../Engine/Plugins/Animation/ControlRig/Content/Controls/ControlRig_Arrow4_1mm.uasset" 711
"../../../Engine/Plugins/Animation/ControlRig/Content/Controls/ControlRig_Arrow4_1mm.uexp" 712
"../../../Engine/Plugins/Animation/ControlRig/Content/Controls/ControlRig_Square_solid.uexp" 713
"../../../Engine/Plugins/Animation/ControlRig/Content/Controls/ControlRig_Square_solid.uasset" 714
"../../../Engine/Plugins/Animation/ControlRig/Content/Controls/ControlRig_Square_solid.ubulk" 715
"../../../Engine/Plugins/Animation/ControlRig/Content/Controls/ControlRig_Diamond_3mm.ubulk" 716
"../../../Engine/Plugins/Animation/ControlRig/Content/Controls/ControlRig_Diamond_3mm.uasset" 717
"../../../Engine/Plugins/Animation/ControlRig/Content/Controls/ControlRig_Diamond_3mm.uexp" 718
"../../../Engine/Plugins/Animation/ControlRig/Content/Controls/ControlRig_Arrow_3mm.uexp" 719
"../../../Engine/Plugins/Animation/ControlRig/Content/Controls/ControlRig_Arrow_3mm.uasset" 720
"../../../Engine/Plugins/Animation/ControlRig/Content/Controls/ControlRig_Arrow_3mm.ubulk" 721
"../../../Engine/Plugins/Animation/ControlRig/Content/Controls/ControlRig_Hexagon_3mm.uexp" 722
"../../../Engine/Plugins/Animation/ControlRig/Content/Controls/ControlRig_Hexagon_3mm.uasset" 723
"../../../Engine/Plugins/Animation/ControlRig/Content/Controls/ControlRig_Hexagon_3mm.ubulk" 724
"../../../Engine/Plugins/Animation/ControlRig/Content/Controls/ControlRig_Sphere_solid.uexp" 725
"../../../Engine/Plugins/Animation/ControlRig/Content/Controls/ControlRig_Sphere_solid.uasset" 726
"../../../Engine/Plugins/Animation/ControlRig/Content/Controls/ControlRig_Sphere_solid.ubulk" 727
"../../../Engine/Plugins/Animation/ControlRig/Content/Controls/ControlRig_Square_3mm.uexp" 728
"../../../Engine/Plugins/Animation/ControlRig/Content/Controls/ControlRig_Square_3mm.ubulk" 729
"../../../Engine/Plugins/Animation/ControlRig/Content/Controls/ControlRig_Square_3mm.uasset" 730
"../../../Engine/Plugins/Animation/ControlRig/Content/Controls/ControlRig_Star4_3mm.uasset" 731
"../../../Engine/Plugins/Animation/ControlRig/Content/Controls/ControlRig_Star4_3mm.uexp" 732
"../../../Engine/Plugins/Animation/ControlRig/Content/Controls/ControlRig_Star4_3mm.ubulk" 733
"../../../Engine/Plugins/Animation/ControlRig/Content/Controls/ControlRig_RoundedSquare_3mm.uasset" 734
"../../../Engine/Plugins/Animation/ControlRig/Content/Controls/ControlRig_RoundedSquare_3mm.ubulk" 735
"../../../Engine/Plugins/Animation/ControlRig/Content/Controls/ControlRig_RoundedSquare_3mm.uexp" 736
"../../../Engine/Plugins/Animation/ControlRig/Content/Controls/ControlRig_Wedge_1mm.uasset" 737
"../../../Engine/Plugins/Animation/ControlRig/Content/Controls/ControlRig_Wedge_1mm.ubulk" 738
"../../../Engine/Plugins/Animation/ControlRig/Content/Controls/ControlRig_Wedge_1mm.uexp" 739
"../../../Engine/Plugins/Animation/ControlRig/Content/Controls/ControlRig_HalfCircle_3mm.uasset" 740
"../../../Engine/Plugins/Animation/ControlRig/Content/Controls/ControlRig_HalfCircle_3mm.uexp" 741
"../../../Engine/Plugins/Animation/ControlRig/Content/Controls/ControlRig_HalfCircle_3mm.ubulk" 742
"../../../Engine/Plugins/Animation/ControlRig/Content/Controls/ControlRig_RoundedTriangle_solid.ubulk" 743
"../../../Engine/Plugins/Animation/ControlRig/Content/Controls/ControlRig_RoundedTriangle_solid.uasset" 744
"../../../Engine/Plugins/Animation/ControlRig/Content/Controls/ControlRig_RoundedTriangle_solid.uexp" 745
"../../../Engine/Plugins/Animation/ControlRig/Content/Controls/ControlRig_Triangle_1mm.uasset" 746
"../../../Engine/Plugins/Animation/ControlRig/Content/Controls/ControlRig_Triangle_1mm.uexp" 747
"../../../Engine/Plugins/Animation/ControlRig/Content/Controls/ControlRig_Triangle_1mm.ubulk" 748
"../../../Engine/Plugins/Animation/ControlRig/Content/Controls/ControlRig_Sphere_3mm.uasset" 749
"../../../Engine/Plugins/Animation/ControlRig/Content/Controls/ControlRig_Sphere_3mm.uexp" 750
"../../../Engine/Plugins/Animation/ControlRig/Content/Controls/ControlRig_Sphere_3mm.ubulk" 751
"../../../Engine/Plugins/Animation/ControlRig/Content/Controls/ControlRig_Octagon_1mm.uasset" 752
"../../../Engine/Plugins/Animation/ControlRig/Content/Controls/ControlRig_Octagon_1mm.ubulk" 753
"../../../Engine/Plugins/Animation/ControlRig/Content/Controls/ControlRig_Octagon_1mm.uexp" 754
"../../../Engine/Plugins/Animation/ControlRig/Content/Controls/ControlRig_Box_1mm.ubulk" 755
"../../../Engine/Plugins/Animation/ControlRig/Content/Controls/ControlRig_Box_1mm.uexp" 756
"../../../Engine/Plugins/Animation/ControlRig/Content/Controls/ControlRig_Box_1mm.uasset" 757
"../../../Engine/Plugins/Animation/ControlRig/Content/Controls/ControlRig_Arrow2_3mm.uasset" 758
"../../../Engine/Plugins/Animation/ControlRig/Content/Controls/ControlRig_Arrow2_3mm.ubulk" 759
"../../../Engine/Plugins/Animation/ControlRig/Content/Controls/ControlRig_Arrow2_3mm.uexp" 760
"../../../Engine/Plugins/Animation/ControlRig/Content/Controls/ControlRig_Diamond_solid.uexp" 761
"../../../Engine/Plugins/Animation/ControlRig/Content/Controls/ControlRig_Diamond_solid.ubulk" 762
"../../../Engine/Plugins/Animation/ControlRig/Content/Controls/ControlRig_Diamond_solid.uasset" 763
"../../../Engine/Plugins/Animation/ControlRig/Content/Controls/ControlRig_Star4_solid.uasset" 764
"../../../Engine/Plugins/Animation/ControlRig/Content/Controls/ControlRig_Star4_solid.uexp" 765
"../../../Engine/Plugins/Animation/ControlRig/Content/Controls/ControlRig_Star4_solid.ubulk" 766
"../../../Engine/Plugins/Animation/ControlRig/Content/Controls/ControlRig_RoundedSquare_solid.uexp" 767
"../../../Engine/Plugins/Animation/ControlRig/Content/Controls/ControlRig_RoundedSquare_solid.ubulk" 768
"../../../Engine/Plugins/Animation/ControlRig/Content/Controls/ControlRig_RoundedSquare_solid.uasset" 769
"../../../Engine/Plugins/Animation/ControlRig/Content/Controls/ControlRig_Arrow4_solid.uexp" 770
"../../../Engine/Plugins/Animation/ControlRig/Content/Controls/ControlRig_Arrow4_solid.uasset" 771
"../../../Engine/Plugins/Animation/ControlRig/Content/Controls/ControlRig_Arrow4_solid.ubulk" 772
"../../../Engine/Plugins/Animation/ControlRig/Content/Controls/ControlRig_Circle_solid.ubulk" 773
"../../../Engine/Plugins/Animation/ControlRig/Content/Controls/ControlRig_Circle_solid.uexp" 774
"../../../Engine/Plugins/Animation/ControlRig/Content/Controls/ControlRig_Circle_solid.uasset" 775
"../../../Engine/Plugins/Animation/ControlRig/Content/Controls/ControlRig_Square_1mm.ubulk" 776
"../../../Engine/Plugins/Animation/ControlRig/Content/Controls/ControlRig_Square_1mm.uexp" 777
"../../../Engine/Plugins/Animation/ControlRig/Content/Controls/ControlRig_Square_1mm.uasset" 778
"../../../Engine/Plugins/Animation/ControlRig/Content/Controls/ControlRig_Arrow_1mm.uasset" 779
"../../../Engine/Plugins/Animation/ControlRig/Content/Controls/ControlRig_Arrow_1mm.uexp" 780
"../../../Engine/Plugins/Animation/ControlRig/Content/Controls/ControlRig_Arrow_1mm.ubulk" 781
"../../../Engine/Plugins/Animation/ControlRig/Content/Controls/ControlRig_QuarterCircle_solid.uasset" 782
"../../../Engine/Plugins/Animation/ControlRig/Content/Controls/ControlRig_QuarterCircle_solid.ubulk" 783
"../../../Engine/Plugins/Animation/ControlRig/Content/Controls/ControlRig_QuarterCircle_solid.uexp" 784
"../../../Engine/Plugins/Animation/ControlRig/Content/Controls/ControlRig_Hexagon_1mm.uasset" 785
"../../../Engine/Plugins/Animation/ControlRig/Content/Controls/ControlRig_Hexagon_1mm.uexp" 786
"../../../Engine/Plugins/Animation/ControlRig/Content/Controls/ControlRig_Hexagon_1mm.ubulk" 787
"../../../Engine/Plugins/Animation/ControlRig/Content/Controls/ControlRig_Arrow4_3mm.uasset" 788
"../../../Engine/Plugins/Animation/ControlRig/Content/Controls/ControlRig_Arrow4_3mm.ubulk" 789
"../../../Engine/Plugins/Animation/ControlRig/Content/Controls/ControlRig_Arrow4_3mm.uexp" 790
"../../../Engine/Plugins/Animation/ControlRig/Content/Controls/ControlRig_Arrow2_solid.uasset" 791
"../../../Engine/Plugins/Animation/ControlRig/Content/Controls/ControlRig_Arrow2_solid.uexp" 792
"../../../Engine/Plugins/Animation/ControlRig/Content/Controls/ControlRig_Arrow2_solid.ubulk" 793
"../../../Engine/Plugins/Animation/ControlRig/Content/Controls/ControlRig_Diamond_1mm.uasset" 794
"../../../Engine/Plugins/Animation/ControlRig/Content/Controls/ControlRig_Diamond_1mm.uexp" 795
"../../../Engine/Plugins/Animation/ControlRig/Content/Controls/ControlRig_Diamond_1mm.ubulk" 796
"../../../Engine/Plugins/Animation/ControlRig/Content/Controls/ControlRig_Triangle_solid.uasset" 797
"../../../Engine/Plugins/Animation/ControlRig/Content/Controls/ControlRig_Triangle_solid.ubulk" 798
"../../../Engine/Plugins/Animation/ControlRig/Content/Controls/ControlRig_Triangle_solid.uexp" 799
"../../../Engine/Plugins/Animation/ControlRig/Content/Controls/ControlRig_RoundedTriangle_3mm.uasset" 800
"../../../Engine/Plugins/Animation/ControlRig/Content/Controls/ControlRig_RoundedTriangle_3mm.uexp" 801
"../../../Engine/Plugins/Animation/ControlRig/Content/Controls/ControlRig_RoundedTriangle_3mm.ubulk" 802
"../../../Engine/Plugins/Animation/ControlRig/Content/Controls/ControlRig_Circle_1mm.ubulk" 803
"../../../Engine/Plugins/Animation/ControlRig/Content/Controls/ControlRig_Circle_1mm.uexp" 804
"../../../Engine/Plugins/Animation/ControlRig/Content/Controls/ControlRig_Circle_1mm.uasset" 805
"../../../Engine/Plugins/Animation/ControlRig/Content/Controls/ControlRig_QuarterCircle_3mm.ubulk" 806
"../../../Engine/Plugins/Animation/ControlRig/Content/Controls/ControlRig_QuarterCircle_3mm.uexp" 807
"../../../Engine/Plugins/Animation/ControlRig/Content/Controls/ControlRig_QuarterCircle_3mm.uasset" 808
"../../../Engine/Plugins/Animation/ControlRig/Content/Controls/ControlRig_Pyramid_3mm.uasset" 809
"../../../Engine/Plugins/Animation/ControlRig/Content/Controls/ControlRig_Pyramid_3mm.ubulk" 810
"../../../Engine/Plugins/Animation/ControlRig/Content/Controls/ControlRig_Pyramid_3mm.uexp" 811
"../../../Engine/Plugins/Animation/ControlRig/Content/Controls/ControlRig_Sphere_1mm.uasset" 812
"../../../Engine/Plugins/Animation/ControlRig/Content/Controls/ControlRig_Sphere_1mm.uexp" 813
"../../../Engine/Plugins/Animation/ControlRig/Content/Controls/ControlRig_Sphere_1mm.ubulk" 814
"../../../Engine/Plugins/Animation/ControlRig/Content/Controls/ControlRig_Box_3mm.uexp" 815
"../../../Engine/Plugins/Animation/ControlRig/Content/Controls/ControlRig_Box_3mm.ubulk" 816
"../../../Engine/Plugins/Animation/ControlRig/Content/Controls/ControlRig_Box_3mm.uasset" 817
"../../../Engine/Plugins/Animation/ControlRig/Content/Controls/ControlRig_Octagon_3mm.uexp" 818
"../../../Engine/Plugins/Animation/ControlRig/Content/Controls/ControlRig_Octagon_3mm.ubulk" 819
"../../../Engine/Plugins/Animation/ControlRig/Content/Controls/ControlRig_Octagon_3mm.uasset" 820
"../../../Engine/Plugins/Animation/ControlRig/Content/Controls/ControlRig_Arrow2_1mm.uexp" 821
"../../../Engine/Plugins/Animation/ControlRig/Content/Controls/ControlRig_Arrow2_1mm.ubulk" 822
"../../../Engine/Plugins/Animation/ControlRig/Content/Controls/ControlRig_Arrow2_1mm.uasset" 823
"../../../Engine/Plugins/Animation/ControlRig/Content/Controls/ControlRig_HalfCircle_solid.uexp" 824
"../../../Engine/Plugins/Animation/ControlRig/Content/Controls/ControlRig_HalfCircle_solid.ubulk" 825
"../../../Engine/Plugins/Animation/ControlRig/Content/Controls/ControlRig_HalfCircle_solid.uasset" 826
"../../../Engine/Plugins/Animation/ControlRig/Content/Controls/ControlRig_HalfCircle_1mm.ubulk" 827
"../../../Engine/Plugins/Animation/ControlRig/Content/Controls/ControlRig_HalfCircle_1mm.uexp" 828
"../../../Engine/Plugins/Animation/ControlRig/Content/Controls/ControlRig_HalfCircle_1mm.uasset" 829
"../../../Engine/Plugins/Animation/ControlRig/Content/Controls/ControlRig_Wedge_3mm.uasset" 830
"../../../Engine/Plugins/Animation/ControlRig/Content/Controls/ControlRig_Wedge_3mm.ubulk" 831
"../../../Engine/Plugins/Animation/ControlRig/Content/Controls/ControlRig_Wedge_3mm.uexp" 832
"../../../Engine/Plugins/Animation/ControlRig/Content/Controls/ControlRig_Box_solid.uasset" 833
"../../../Engine/Plugins/Animation/ControlRig/Content/Controls/ControlRig_Box_solid.ubulk" 834
"../../../Engine/Plugins/Animation/ControlRig/Content/Controls/ControlRig_Box_solid.uexp" 835
"../../../Engine/Plugins/Animation/ControlRig/Content/Controls/ControlRig_Triangle_3mm.uasset" 836
"../../../Engine/Plugins/Animation/ControlRig/Content/Controls/ControlRig_Triangle_3mm.uexp" 837
"../../../Engine/Plugins/Animation/ControlRig/Content/Controls/ControlRig_Triangle_3mm.ubulk" 838
"../../../Engine/Plugins/Animation/ControlRig/Content/Controls/ControlRig_Arrow_solid.ubulk" 839
"../../../Engine/Plugins/Animation/ControlRig/Content/Controls/ControlRig_Arrow_solid.uexp" 840
"../../../Engine/Plugins/Animation/ControlRig/Content/Controls/ControlRig_Arrow_solid.uasset" 841
"../../../Engine/Plugins/Animation/ControlRig/Content/Controls/ControlRig_Hexagon_solid.ubulk" 842
"../../../Engine/Plugins/Animation/ControlRig/Content/Controls/ControlRig_Hexagon_solid.uexp" 843
"../../../Engine/Plugins/Animation/ControlRig/Content/Controls/ControlRig_Hexagon_solid.uasset" 844
"../../../Engine/Plugins/Animation/ControlRig/Content/Controls/ControlRig_Star4_1mm.ubulk" 845
"../../../Engine/Plugins/Animation/ControlRig/Content/Controls/ControlRig_Star4_1mm.uexp" 846
"../../../Engine/Plugins/Animation/ControlRig/Content/Controls/ControlRig_Star4_1mm.uasset" 847
"../../../Engine/Plugins/Animation/ControlRig/Content/Controls/ControlRig_RoundedSquare_1mm.ubulk" 848
"../../../Engine/Plugins/Animation/ControlRig/Content/Controls/ControlRig_RoundedSquare_1mm.uexp" 849
"../../../Engine/Plugins/Animation/ControlRig/Content/Controls/ControlRig_RoundedSquare_1mm.uasset" 850
"../../../Engine/Plugins/Animation/ControlRig/Content/Controls/ControlRig_Wedge_solid.uexp" 851
"../../../Engine/Plugins/Animation/ControlRig/Content/Controls/ControlRig_Wedge_solid.ubulk" 852
"../../../Engine/Plugins/Animation/ControlRig/Content/Controls/ControlRig_Wedge_solid.uasset" 853
"../../../Engine/Plugins/Animation/ControlRig/Content/Controls/ControlRig_Pyramid_solid.uexp" 854
"../../../Engine/Plugins/Animation/ControlRig/Content/Controls/ControlRig_Pyramid_solid.ubulk" 855
"../../../Engine/Plugins/Animation/ControlRig/Content/Controls/ControlRig_Pyramid_solid.uasset" 856
"../../../Engine/Plugins/Animation/ControlRig/Content/Controls/ControlRig_Octagon_solid.uexp" 857
"../../../Engine/Plugins/Animation/ControlRig/Content/Controls/ControlRig_Octagon_solid.ubulk" 858
"../../../Engine/Plugins/Animation/ControlRig/Content/Controls/ControlRig_Octagon_solid.uasset" 859
"../../../Engine/Content/EngineMaterials/DefaultMaterial.uasset" 860
"../../../Engine/Content/EngineMaterials/DefaultMaterial.uexp" 861
"../../../Engine/Content/BasicShapes/Cone.uasset" 862
"../../../Engine/Content/BasicShapes/Cone.uexp" 863
"../../../Engine/Content/BasicShapes/Cone.ubulk" 864
"../../../Engine/Content/BasicShapes/Cube.ubulk" 865
"../../../Engine/Content/BasicShapes/Cube.uasset" 866
"../../../Engine/Content/BasicShapes/Cube.uexp" 867
"../../../Engine/Content/BasicShapes/Plane.ubulk" 868
"../../../Engine/Content/BasicShapes/Plane.uasset" 869
"../../../Engine/Content/BasicShapes/Plane.uexp" 870
"../../../Engine/Content/Functions/Engine_MaterialFunctions03/Math/WithinRangeFloat2.uexp" 871
"../../../Engine/Content/Functions/Engine_MaterialFunctions03/Math/WithinRangeFloat2.uasset" 872
"../../../Engine/Content/EditorLandscapeResources/SelectBrushMaterial.uexp" 873
"../../../Engine/Content/EditorLandscapeResources/SelectBrushMaterial.uasset" 874
"../../../Engine/Content/EditorLandscapeResources/SelectBrushMaterial_Selected.uexp" 875
"../../../Engine/Content/EditorLandscapeResources/SelectBrushMaterial_Selected.uasset" 876
"../../../Engine/Content/EditorLandscapeResources/SelectBrushMaterial_SelectedRegion.uasset" 877
"../../../Engine/Content/EditorLandscapeResources/SelectBrushMaterial_SelectedRegion.uexp" 878
"../../../Engine/Content/EditorLandscapeResources/SplineEditorMeshMat.uasset" 879
"../../../Engine/Content/EditorLandscapeResources/SplineEditorMeshMat.uexp" 880
"../../../Engine/Content/EditorLandscapeResources/SplineEditorMesh.uexp" 881
"../../../Engine/Content/EditorLandscapeResources/SplineEditorMesh.uasset" 882
"../../../Engine/Content/EditorLandscapeResources/SplineEditorMesh.ubulk" 883
"../../../Engine/Content/EditorLandscapeResources/ColorMaskBrushMaterial.uexp" 884
"../../../Engine/Content/EditorLandscapeResources/ColorMaskBrushMaterial.uasset" 885
"../../../Engine/Content/EditorLandscapeResources/ColorMaskBrushMaterial_MaskedRegion.uasset" 886
"../../../Engine/Content/EditorLandscapeResources/ColorMaskBrushMaterial_MaskedRegion.uexp" 887
"../../../Engine/Content/EditorLandscapeResources/MaskBrushMaterial.uasset" 888
"../../../Engine/Content/EditorLandscapeResources/MaskBrushMaterial.uexp" 889
"../../../Engine/Content/EditorLandscapeResources/MaskBrushMaterial_MaskedRegion.uexp" 890
"../../../Engine/Content/EditorLandscapeResources/MaskBrushMaterial_MaskedRegion.uasset" 891
"../../../Engine/Plugins/2D/Paper2D/Content/DefaultSpriteMaterial.uexp" 892
"../../../Engine/Plugins/2D/Paper2D/Content/DefaultSpriteMaterial.uasset" 893
"../../../Engine/Plugins/2D/Paper2D/Content/OpaqueUnlitSpriteMaterial.uasset" 894
"../../../Engine/Plugins/2D/Paper2D/Content/OpaqueUnlitSpriteMaterial.uexp" 895
"../../../Engine/Plugins/2D/Paper2D/Content/MaskedUnlitSpriteMaterial.uexp" 896
"../../../Engine/Plugins/2D/Paper2D/Content/MaskedUnlitSpriteMaterial.uasset" 897
"../../../Engine/Plugins/Media/MediaPlate/Content/SM_MediaPlateScreen.ubulk" 898
"../../../Engine/Plugins/Media/MediaPlate/Content/SM_MediaPlateScreen.uasset" 899
"../../../Engine/Plugins/Media/MediaPlate/Content/SM_MediaPlateScreen.uexp" 900
"../../../Engine/Content/EngineMaterials/Substrate/Volume/SubstrateSimpleVolumeEnvLUT3D.uexp" 901
"../../../Engine/Content/EngineMaterials/Substrate/Volume/SubstrateSimpleVolumeEnvLUT3D.uasset" 902
"../../../Engine/Content/EngineMaterials/Substrate/Volume/SubstrateSimpleVolumeLUT3D.uasset" 903
"../../../Engine/Content/EngineMaterials/Substrate/Volume/SubstrateSimpleVolumeLUT3D.uexp" 904
"../../../Engine/Plugins/Animation/DeformerGraph/Content/DeformerFunctions/DG_Function_LinearBlendSkin_Morph_Cloth.uexp" 905
"../../../Engine/Plugins/Animation/DeformerGraph/Content/DeformerFunctions/DG_Function_LinearBlendSkin_Morph_Cloth.uasset" 906
"../../../Engine/Plugins/Animation/DeformerGraph/Content/Deformers/DG_LinearBlendSkin_Morph_Cloth.uasset" 907
"../../../Engine/Plugins/Animation/DeformerGraph/Content/Deformers/DG_LinearBlendSkin_Morph_Cloth.uexp" 908
"../../../Engine/Plugins/Animation/DeformerGraph/Content/DeformerFunctions/DG_Function_LinearBlendSkin_Morph_Cloth_PositionOnly.uexp" 909
"../../../Engine/Plugins/Animation/DeformerGraph/Content/DeformerFunctions/DG_Function_LinearBlendSkin_Morph_Cloth_PositionOnly.uasset" 910
"../../../Engine/Plugins/Animation/DeformerGraph/Content/DeformerFunctions/DG_Function_ComputeNormalsTangents.uexp" 911
"../../../Engine/Plugins/Animation/DeformerGraph/Content/DeformerFunctions/DG_Function_ComputeNormalsTangents.uasset" 912
"../../../Engine/Plugins/Animation/DeformerGraph/Content/Deformers/DG_LinearBlendSkin_Morph_Cloth_RecomputeNormals.uasset" 913
"../../../Engine/Plugins/Animation/DeformerGraph/Content/Deformers/DG_LinearBlendSkin_Morph_Cloth_RecomputeNormals.uexp" 914
"../../../Engine/Content/Functions/Engine_MaterialFunctions02/SplitComponents.uasset" 915
"../../../Engine/Content/Functions/Engine_MaterialFunctions02/SplitComponents.uexp" 916
"../../../Engine/Content/VREditor/SnapGrid/SnapGridMaterial.uasset" 917
"../../../Engine/Content/VREditor/SnapGrid/SnapGridMaterial.uexp" 918
"../../../Engine/Content/VREditor/SnapGrid/SnapGridPlaneMesh.uexp" 919
"../../../Engine/Content/VREditor/SnapGrid/SnapGridPlaneMesh.ubulk" 920
"../../../Engine/Content/VREditor/SnapGrid/SnapGridPlaneMesh.uasset" 921
"../../../Engine/Content/VREditor/Sounds/UI/Drop_Item_From_ContentBrowser.ubulk" 922
"../../../Engine/Content/VREditor/Sounds/UI/Drop_Item_From_ContentBrowser.uasset" 923
"../../../Engine/Content/VREditor/Sounds/UI/Drop_Item_From_ContentBrowser.uexp" 924
"../../../Engine/Content/VREditor/Sounds/UI/Gizmo_Handle_Clicked.uasset" 925
"../../../Engine/Content/VREditor/Sounds/UI/Gizmo_Handle_Clicked.uexp" 926
"../../../Engine/Content/VREditor/Sounds/UI/Gizmo_Handle_Clicked.ubulk" 927
"../../../Engine/Content/VREditor/Sounds/UI/Object_PickUp.ubulk" 928
"../../../Engine/Content/VREditor/Sounds/UI/Object_PickUp.uexp" 929
"../../../Engine/Content/VREditor/Sounds/UI/Object_PickUp.uasset" 930
"../../../Engine/Content/VREditor/Sounds/UI/Object_Snaps_To_Another_Actor.uasset" 931
"../../../Engine/Content/VREditor/Sounds/UI/Object_Snaps_To_Another_Actor.ubulk" 932
"../../../Engine/Content/VREditor/Sounds/UI/Object_Snaps_To_Another_Actor.uexp" 933
"../../../Engine/Content/VREditor/Sounds/UI/Object_Snaps_To_Grid.ubulk" 934
"../../../Engine/Content/VREditor/Sounds/UI/Object_Snaps_To_Grid.uasset" 935
"../../../Engine/Content/VREditor/Sounds/UI/Object_Snaps_To_Grid.uexp" 936
"../../../Engine/Content/VREditor/Sounds/UI/Scaling_Down.ubulk" 937
"../../../Engine/Content/VREditor/Sounds/UI/Scaling_Down.uexp" 938
"../../../Engine/Content/VREditor/Sounds/UI/Scaling_Down.uasset" 939
"../../../Engine/Content/VREditor/Sounds/UI/Scaling_Up.ubulk" 940
"../../../Engine/Content/VREditor/Sounds/UI/Scaling_Up.uasset" 941
"../../../Engine/Content/VREditor/Sounds/UI/Scaling_Up.uexp" 942
"../../../Engine/Content/VREditor/Sounds/UI/Selection_Changes.ubulk" 943
"../../../Engine/Content/VREditor/Sounds/UI/Selection_Changes.uasset" 944
"../../../Engine/Content/VREditor/Sounds/UI/Selection_Changes.uexp" 945
"../../../Engine/Content/VREditor/TransformGizmo/PlaneTranslationHandle.ubulk" 946
"../../../Engine/Content/VREditor/TransformGizmo/PlaneTranslationHandle.uasset" 947
"../../../Engine/Content/VREditor/TransformGizmo/PlaneTranslationHandle.uexp" 948
"../../../Engine/Content/VREditor/TransformGizmo/RotationHandleFull.uexp" 949
"../../../Engine/Content/VREditor/TransformGizmo/RotationHandleFull.ubulk" 950
"../../../Engine/Content/VREditor/TransformGizmo/RotationHandleFull.uasset" 951
"../../../Engine/Content/VREditor/TransformGizmo/RotationHandleIndicator.uexp" 952
"../../../Engine/Content/VREditor/TransformGizmo/RotationHandleIndicator.ubulk" 953
"../../../Engine/Content/VREditor/TransformGizmo/RotationHandleIndicator.uasset" 954
"../../../Engine/Content/VREditor/TransformGizmo/RotationHandleQuarter.uasset" 955
"../../../Engine/Content/VREditor/TransformGizmo/RotationHandleQuarter.ubulk" 956
"../../../Engine/Content/VREditor/TransformGizmo/RotationHandleQuarter.uexp" 957
"../../../Engine/Content/VREditor/TransformGizmo/StartRotationHandleIndicator.ubulk" 958
"../../../Engine/Content/VREditor/TransformGizmo/StartRotationHandleIndicator.uexp" 959
"../../../Engine/Content/VREditor/TransformGizmo/StartRotationHandleIndicator.uasset" 960
"../../../Engine/Content/VREditor/TransformGizmo/TranslucentTransformGizmoMaterial_Inst.uexp" 961
"../../../Engine/Content/VREditor/TransformGizmo/TranslucentTransformGizmoMaterial_Inst.uasset" 962
"../../../Engine/Content/VREditor/TransformGizmo/TransformGizmoFreeRotation.ubulk" 963
"../../../Engine/Content/VREditor/TransformGizmo/TransformGizmoFreeRotation.uasset" 964
"../../../Engine/Content/VREditor/TransformGizmo/TransformGizmoFreeRotation.uexp" 965
"../../../Engine/Content/VREditor/TransformGizmo/TransformGizmoMaterial_Inst.uexp" 966
"../../../Engine/Content/VREditor/TransformGizmo/TransformGizmoMaterial_Inst.uasset" 967
"../../../Engine/Content/VREditor/TransformGizmo/TranslateArrowHandle.ubulk" 968
"../../../Engine/Content/VREditor/TransformGizmo/TranslateArrowHandle.uasset" 969
"../../../Engine/Content/VREditor/TransformGizmo/TranslateArrowHandle.uexp" 970
"../../../Engine/Content/VREditor/TransformGizmo/UniformScaleHandle.ubulk" 971
"../../../Engine/Content/VREditor/TransformGizmo/UniformScaleHandle.uasset" 972
"../../../Engine/Content/VREditor/TransformGizmo/UniformScaleHandle.uexp" 973
"../../../Engine/Content/EngineResources/LandscapeVisibilityLayerInfo.uexp" 974
"../../../Engine/Content/EngineResources/LandscapeVisibilityLayerInfo.uasset" 975
"../../../Engine/Content/Maps/Entry_BuiltData.uexp" 976
"../../../Engine/Content/Maps/Entry_BuiltData.uasset" 977
"../../../Engine/Content/Maps/Entry.umap" 978
"../../../Engine/Content/Maps/Entry.uexp" 979
"../../../Engine/Content/BasicShapes/Sphere.uexp" 980
"../../../Engine/Content/BasicShapes/Sphere.ubulk" 981
"../../../Engine/Content/BasicShapes/Sphere.uasset" 982
"../../../Engine/Content/EditorBlueprintResources/StandardMacros.uasset" 983
"../../../Engine/Content/EditorBlueprintResources/StandardMacros.uexp" 984
"../../../Engine/Content/EngineSky/C_Sky_Horizon_Color.uexp" 985
"../../../Engine/Content/EngineSky/C_Sky_Horizon_Color.uasset" 986
"../../../Engine/Content/EngineSky/T_Sky_Blue.uasset" 987
"../../../Engine/Content/EngineSky/T_Sky_Blue.uexp" 988
"../../../Engine/Content/EngineSky/T_Sky_Blue.ubulk" 989
"../../../Engine/Content/EngineSky/T_Sky_Stars.uasset" 990
"../../../Engine/Content/EngineSky/T_Sky_Stars.ubulk" 991
"../../../Engine/Content/EngineSky/T_Sky_Stars.uexp" 992
"../../../Engine/Content/EngineSky/T_Sky_Clouds_M.ubulk" 993
"../../../Engine/Content/EngineSky/T_Sky_Clouds_M.uasset" 994
"../../../Engine/Content/EngineSky/T_Sky_Clouds_M.uexp" 995
"../../../Engine/Content/EngineSky/M_Sky_Panning_Clouds2.uexp" 996
"../../../Engine/Content/EngineSky/M_Sky_Panning_Clouds2.uasset" 997
"../../../Engine/Content/EngineSky/SM_SkySphere.ubulk" 998
"../../../Engine/Content/EngineSky/SM_SkySphere.uasset" 999
"../../../Engine/Content/EngineSky/SM_SkySphere.uexp" 1000
"../../../Engine/Content/EngineSky/C_Sky_Cloud_Color.uexp" 1001
"../../../Engine/Content/EngineSky/C_Sky_Cloud_Color.uasset" 1002
"../../../Engine/Content/EngineSky/C_Sky_Zenith_Color.uasset" 1003
"../../../Engine/Content/EngineSky/C_Sky_Zenith_Color.uexp" 1004
"../../../Engine/Content/EngineSky/BP_Sky_Sphere.uexp" 1005
"../../../Engine/Content/EngineSky/BP_Sky_Sphere.uasset" 1006
"../../../Engine/Content/BasicShapes/BasicShapeMaterial.uexp" 1007
"../../../Engine/Content/BasicShapes/BasicShapeMaterial.uasset" 1008
"../../../Engine/Content/EditorResources/MatineeCam_D.uasset" 1009
"../../../Engine/Content/EditorResources/MatineeCam_D.uexp" 1010
"../../../Engine/Content/EditorMaterials/MatineeCam_mat.uexp" 1011
"../../../Engine/Content/EditorMaterials/MatineeCam_mat.uasset" 1012
"../../../Engine/Content/EditorMeshes/MatineeCam_SM.uasset" 1013
"../../../Engine/Content/EditorMeshes/MatineeCam_SM.ubulk" 1014
"../../../Engine/Content/EditorMeshes/MatineeCam_SM.uexp" 1015
"/Users/chelae/Desktop/sonymedia/AlienDoc_/Content/VRSpectator/EVRSpectatorMode.uexp" 1016
"/Users/chelae/Desktop/sonymedia/AlienDoc_/Content/VRSpectator/EVRSpectatorMode.uasset" 1017
"/Users/chelae/Desktop/sonymedia/AlienDoc_/Content/VRSpectator/RT_VRSpectator.uexp" 1018
"/Users/chelae/Desktop/sonymedia/AlienDoc_/Content/VRSpectator/RT_VRSpectator.uasset" 1019
"/Users/chelae/Desktop/sonymedia/AlienDoc_/Content/VRSpectator/Input/Actions/IA_VRSpectator_ResetRotation.uexp" 1020
"/Users/chelae/Desktop/sonymedia/AlienDoc_/Content/VRSpectator/Input/Actions/IA_VRSpectator_ResetRotation.uasset" 1021
"/Users/chelae/Desktop/sonymedia/AlienDoc_/Content/VRSpectator/Input/Actions/IA_VRSpectator_FadeInOut.uexp" 1022
"/Users/chelae/Desktop/sonymedia/AlienDoc_/Content/VRSpectator/Input/Actions/IA_VRSpectator_FadeInOut.uasset" 1023
"/Users/chelae/Desktop/sonymedia/AlienDoc_/Content/VRSpectator/Input/Actions/IA_VRSpectator_Move.uexp" 1024
"/Users/chelae/Desktop/sonymedia/AlienDoc_/Content/VRSpectator/Input/Actions/IA_VRSpectator_Move.uasset" 1025
"/Users/chelae/Desktop/sonymedia/AlienDoc_/Content/VRSpectator/Input/Actions/IA_VRSpectator_FOV.uexp" 1026
"/Users/chelae/Desktop/sonymedia/AlienDoc_/Content/VRSpectator/Input/Actions/IA_VRSpectator_FOV.uasset" 1027
"/Users/chelae/Desktop/sonymedia/AlienDoc_/Content/VRSpectator/Input/Actions/IA_VRSpectator_Toggle.uasset" 1028
"/Users/chelae/Desktop/sonymedia/AlienDoc_/Content/VRSpectator/Input/Actions/IA_VRSpectator_Toggle.uexp" 1029
"/Users/chelae/Desktop/sonymedia/AlienDoc_/Content/VRSpectator/Input/Actions/IA_VRSpectator_FOV_Reset.uasset" 1030
"/Users/chelae/Desktop/sonymedia/AlienDoc_/Content/VRSpectator/Input/Actions/IA_VRSpectator_FOV_Reset.uexp" 1031
"/Users/chelae/Desktop/sonymedia/AlienDoc_/Content/VRSpectator/Input/Actions/IA_VRSpectator_Look.uasset" 1032
"/Users/chelae/Desktop/sonymedia/AlienDoc_/Content/VRSpectator/Input/Actions/IA_VRSpectator_Look.uexp" 1033
"/Users/chelae/Desktop/sonymedia/AlienDoc_/Content/VRSpectator/Input/IMC_VRSpectator.uasset" 1034
"/Users/chelae/Desktop/sonymedia/AlienDoc_/Content/VRSpectator/Input/IMC_VRSpectator.uexp" 1035
"/Users/chelae/Desktop/sonymedia/AlienDoc_/Content/VRSpectator/VRSpectator.uasset" 1036
"/Users/chelae/Desktop/sonymedia/AlienDoc_/Content/VRSpectator/VRSpectator.uexp" 1037
"/Users/chelae/Desktop/sonymedia/AlienDoc_/Content/VRTemplate/Textures/T_Grid.uasset" 1038
"/Users/chelae/Desktop/sonymedia/AlienDoc_/Content/VRTemplate/Textures/T_Grid.ubulk" 1039
"/Users/chelae/Desktop/sonymedia/AlienDoc_/Content/VRTemplate/Textures/T_Grid.uexp" 1040
"../../../Engine/Content/Functions/Engine_MaterialFunctions02/Utility/AppendMany.uexp" 1041
"../../../Engine/Content/Functions/Engine_MaterialFunctions02/Utility/AppendMany.uasset" 1042
"../../../Engine/Content/Functions/Engine_MaterialFunctions01/Gradient/LinearGradient.uasset" 1043
"../../../Engine/Content/Functions/Engine_MaterialFunctions01/Gradient/LinearGradient.uexp" 1044
"../../../Engine/Content/Functions/Engine_MaterialFunctions01/ImageAdjustment/CheapContrast.uasset" 1045
"../../../Engine/Content/Functions/Engine_MaterialFunctions01/ImageAdjustment/CheapContrast.uexp" 1046
"../../../Engine/Content/Functions/Engine_MaterialFunctions01/Texturing/WorldAlignedTexture.uexp" 1047
"../../../Engine/Content/Functions/Engine_MaterialFunctions01/Texturing/WorldAlignedTexture.uasset" 1048
"/Users/chelae/Desktop/sonymedia/AlienDoc_/Content/VRTemplate/Materials/M_GridRotation.uasset" 1049
"/Users/chelae/Desktop/sonymedia/AlienDoc_/Content/VRTemplate/Materials/M_GridRotation.uexp" 1050
"/Users/chelae/Desktop/sonymedia/AlienDoc_/Content/VRTemplate/Materials/MI_Grid_Accent.uexp" 1051
"/Users/chelae/Desktop/sonymedia/AlienDoc_/Content/VRTemplate/Materials/MI_Grid_Accent.uasset" 1052
"/Users/chelae/Desktop/sonymedia/AlienDoc_/Content/VRTemplate/Materials/MI_Grid_Default.uexp" 1053
"/Users/chelae/Desktop/sonymedia/AlienDoc_/Content/VRTemplate/Materials/MI_Grid_Default.uasset" 1054
"/Users/chelae/Desktop/sonymedia/AlienDoc_/Content/LevelPrototyping/Materials/M_FlatCol.uexp" 1055
"/Users/chelae/Desktop/sonymedia/AlienDoc_/Content/LevelPrototyping/Materials/M_FlatCol.uasset" 1056
"/Users/chelae/Desktop/sonymedia/AlienDoc_/Content/LevelPrototyping/Materials/MI_DefaultColorway.uasset" 1057
"/Users/chelae/Desktop/sonymedia/AlienDoc_/Content/LevelPrototyping/Materials/MI_DefaultColorway.uexp" 1058
"/Users/chelae/Desktop/sonymedia/AlienDoc_/Content/VRTemplate/Materials/MI_VRColorway.uasset" 1059
"/Users/chelae/Desktop/sonymedia/AlienDoc_/Content/VRTemplate/Materials/MI_VRColorway.uexp" 1060
"/Users/chelae/Desktop/sonymedia/AlienDoc_/Content/VRTemplate/Maps/VRTemplateMap_BuiltData.ubulk" 1061
"/Users/chelae/Desktop/sonymedia/AlienDoc_/Content/VRTemplate/Maps/VRTemplateMap_BuiltData.uexp" 1062
"/Users/chelae/Desktop/sonymedia/AlienDoc_/Content/VRTemplate/Maps/VRTemplateMap_BuiltData.uasset" 1063
"/Users/chelae/Desktop/sonymedia/AlienDoc_/Content/IA_Talk.uasset" 1064
"/Users/chelae/Desktop/sonymedia/AlienDoc_/Content/IA_Talk.uexp" 1065
"../../../Engine/Content/VREditor/Devices/Generic/GenericHMDMaterial.uasset" 1066
"../../../Engine/Content/VREditor/Devices/Generic/GenericHMDMaterial.uexp" 1067
"../../../Engine/Content/VREditor/Devices/Generic/GenericHMD.uasset" 1068
"../../../Engine/Content/VREditor/Devices/Generic/GenericHMD.uexp" 1069
"../../../Engine/Content/VREditor/Devices/Generic/GenericHMD.ubulk" 1070
"/Users/chelae/Desktop/sonymedia/AlienDoc_/Content/VRTemplate/VFX/NPC_VRTemplate.uexp" 1071
"/Users/chelae/Desktop/sonymedia/AlienDoc_/Content/VRTemplate/VFX/NPC_VRTemplate.uasset" 1072
"/Users/chelae/Desktop/sonymedia/AlienDoc_/Content/VRTemplate/Materials/DefaultRibbonMaterial_NoGradient.uexp" 1073
"/Users/chelae/Desktop/sonymedia/AlienDoc_/Content/VRTemplate/Materials/DefaultRibbonMaterial_NoGradient.uasset" 1074
"/Users/chelae/Desktop/sonymedia/AlienDoc_/Content/VRTemplate/VFX/NS_TeleportTrace.uexp" 1075
"/Users/chelae/Desktop/sonymedia/AlienDoc_/Content/VRTemplate/VFX/NS_TeleportTrace.uasset" 1076
"/Users/chelae/Desktop/sonymedia/AlienDoc_/Content/VRTemplate/Haptics/GrabHapticEffect.uexp" 1077
"/Users/chelae/Desktop/sonymedia/AlienDoc_/Content/VRTemplate/Haptics/GrabHapticEffect.uasset" 1078
"/Users/chelae/Desktop/sonymedia/AlienDoc_/Content/VRTemplate/Blueprints/GrabType.uexp" 1079
"/Users/chelae/Desktop/sonymedia/AlienDoc_/Content/VRTemplate/Blueprints/GrabType.uasset" 1080
"/Users/chelae/Desktop/sonymedia/AlienDoc_/Content/VRTemplate/Blueprints/GrabComponent.uexp" 1081
"/Users/chelae/Desktop/sonymedia/AlienDoc_/Content/VRTemplate/Blueprints/GrabComponent.uasset" 1082
"/Users/chelae/Desktop/sonymedia/AlienDoc_/Content/VRTemplate/Input/Actions/Hands/IA_Hand_Grasp_Left.uasset" 1083
"/Users/chelae/Desktop/sonymedia/AlienDoc_/Content/VRTemplate/Input/Actions/Hands/IA_Hand_Grasp_Left.uexp" 1084
"/Users/chelae/Desktop/sonymedia/AlienDoc_/Content/VRTemplate/Input/Actions/Hands/IA_Hand_Grasp_Right.uexp" 1085
"/Users/chelae/Desktop/sonymedia/AlienDoc_/Content/VRTemplate/Input/Actions/Hands/IA_Hand_Grasp_Right.uasset" 1086
"/Users/chelae/Desktop/sonymedia/AlienDoc_/Content/VRTemplate/Input/Actions/Hands/IA_Hand_IndexCurl_Left.uexp" 1087
"/Users/chelae/Desktop/sonymedia/AlienDoc_/Content/VRTemplate/Input/Actions/Hands/IA_Hand_IndexCurl_Left.uasset" 1088
"/Users/chelae/Desktop/sonymedia/AlienDoc_/Content/VRTemplate/Input/Actions/Hands/IA_Hand_IndexCurl_Right.uasset" 1089
"/Users/chelae/Desktop/sonymedia/AlienDoc_/Content/VRTemplate/Input/Actions/Hands/IA_Hand_IndexCurl_Right.uexp" 1090
"/Users/chelae/Desktop/sonymedia/AlienDoc_/Content/VRTemplate/Input/Actions/Hands/IA_Hand_Point_Left.uexp" 1091
"/Users/chelae/Desktop/sonymedia/AlienDoc_/Content/VRTemplate/Input/Actions/Hands/IA_Hand_Point_Left.uasset" 1092
"/Users/chelae/Desktop/sonymedia/AlienDoc_/Content/VRTemplate/Input/Actions/Hands/IA_Hand_Point_Right.uexp" 1093
"/Users/chelae/Desktop/sonymedia/AlienDoc_/Content/VRTemplate/Input/Actions/Hands/IA_Hand_Point_Right.uasset" 1094
"/Users/chelae/Desktop/sonymedia/AlienDoc_/Content/VRTemplate/Input/Actions/Hands/IA_Hand_ThumbUp_Left.uasset" 1095
"/Users/chelae/Desktop/sonymedia/AlienDoc_/Content/VRTemplate/Input/Actions/Hands/IA_Hand_ThumbUp_Left.uexp" 1096
"/Users/chelae/Desktop/sonymedia/AlienDoc_/Content/VRTemplate/Input/Actions/Hands/IA_Hand_ThumbUp_Right.uexp" 1097
"/Users/chelae/Desktop/sonymedia/AlienDoc_/Content/VRTemplate/Input/Actions/Hands/IA_Hand_ThumbUp_Right.uasset" 1098
"/Users/chelae/Desktop/sonymedia/AlienDoc_/Content/VRTemplate/Input/IMC_Hands.uexp" 1099
"/Users/chelae/Desktop/sonymedia/AlienDoc_/Content/VRTemplate/Input/IMC_Hands.uasset" 1100
"/Users/chelae/Desktop/sonymedia/AlienDoc_/Content/VRTemplate/Input/Actions/IA_Grab_Left_Released.uexp" 1101
"/Users/chelae/Desktop/sonymedia/AlienDoc_/Content/VRTemplate/Input/Actions/IA_Grab_Left_Released.uasset" 1102
"/Users/chelae/Desktop/sonymedia/AlienDoc_/Content/VRTemplate/Input/Actions/IA_Menu_Toggle_Left.uexp" 1103
"/Users/chelae/Desktop/sonymedia/AlienDoc_/Content/VRTemplate/Input/Actions/IA_Menu_Toggle_Left.uasset" 1104
"/Users/chelae/Desktop/sonymedia/AlienDoc_/Content/VRTemplate/Input/Actions/IA_Grab_Right_Released.uexp" 1105
"/Users/chelae/Desktop/sonymedia/AlienDoc_/Content/VRTemplate/Input/Actions/IA_Grab_Right_Released.uasset" 1106
"/Users/chelae/Desktop/sonymedia/AlienDoc_/Content/VRTemplate/Input/Actions/IA_Grab_Left_Pressed.uasset" 1107
"/Users/chelae/Desktop/sonymedia/AlienDoc_/Content/VRTemplate/Input/Actions/IA_Grab_Left_Pressed.uexp" 1108
"/Users/chelae/Desktop/sonymedia/AlienDoc_/Content/VRTemplate/Input/Actions/IA_Turn.uexp" 1109
"/Users/chelae/Desktop/sonymedia/AlienDoc_/Content/VRTemplate/Input/Actions/IA_Turn.uasset" 1110
"/Users/chelae/Desktop/sonymedia/AlienDoc_/Content/VRTemplate/Input/Actions/IA_Menu_Toggle_Right.uexp" 1111
"/Users/chelae/Desktop/sonymedia/AlienDoc_/Content/VRTemplate/Input/Actions/IA_Menu_Toggle_Right.uasset" 1112
"/Users/chelae/Desktop/sonymedia/AlienDoc_/Content/VRTemplate/Input/Actions/IA_Grab_Right_Pressed.uexp" 1113
"/Users/chelae/Desktop/sonymedia/AlienDoc_/Content/VRTemplate/Input/Actions/IA_Grab_Right_Pressed.uasset" 1114
"/Users/chelae/Desktop/sonymedia/AlienDoc_/Content/VRTemplate/Input/B_InputModifier_XAxisPositiveOnly.uexp" 1115
"/Users/chelae/Desktop/sonymedia/AlienDoc_/Content/VRTemplate/Input/B_InputModifier_XAxisPositiveOnly.uasset" 1116
"/Users/chelae/Desktop/sonymedia/AlienDoc_/Content/VRTemplate/Input/Actions/IA_Move.uasset" 1117
"/Users/chelae/Desktop/sonymedia/AlienDoc_/Content/VRTemplate/Input/Actions/IA_Move.uexp" 1118
"/Users/chelae/Desktop/sonymedia/AlienDoc_/Content/VRTemplate/Input/IMC_Default.uexp" 1119
"/Users/chelae/Desktop/sonymedia/AlienDoc_/Content/VRTemplate/Input/IMC_Default.uasset" 1120
"../../../Engine/Content/BasicShapes/Cylinder.uasset" 1121
"../../../Engine/Content/BasicShapes/Cylinder.ubulk" 1122
"../../../Engine/Content/BasicShapes/Cylinder.uexp" 1123
"../../../Engine/Content/Functions/Engine_MaterialFunctions02/Utility/DepthFromWorldPosition.uexp" 1124
"../../../Engine/Content/Functions/Engine_MaterialFunctions02/Utility/DepthFromWorldPosition.uasset" 1125
"/Users/chelae/Desktop/sonymedia/AlienDoc_/Content/VRTemplate/Materials/Functions/MF_OccludedPixels.uexp" 1126
"/Users/chelae/Desktop/sonymedia/AlienDoc_/Content/VRTemplate/Materials/Functions/MF_OccludedPixels.uasset" 1127
"/Users/chelae/Desktop/sonymedia/AlienDoc_/Content/VRTemplate/Materials/M_TeleportCylinder.uexp" 1128
"/Users/chelae/Desktop/sonymedia/AlienDoc_/Content/VRTemplate/Materials/M_TeleportCylinder.uasset" 1129
"/Users/chelae/Desktop/sonymedia/AlienDoc_/Content/VRTemplate/Materials/M_TeleportNoise.uexp" 1130
"/Users/chelae/Desktop/sonymedia/AlienDoc_/Content/VRTemplate/Materials/M_TeleportNoise.uasset" 1131
"/Users/chelae/Desktop/sonymedia/AlienDoc_/Content/VRTemplate/VFX/NS_TeleportRing.uasset" 1132
"/Users/chelae/Desktop/sonymedia/AlienDoc_/Content/VRTemplate/VFX/NS_TeleportRing.uexp" 1133
"/Users/chelae/Desktop/sonymedia/AlienDoc_/Content/VRTemplate/VFX/NS_PlayAreaBounds.uasset" 1134
"/Users/chelae/Desktop/sonymedia/AlienDoc_/Content/VRTemplate/VFX/NS_PlayAreaBounds.uexp" 1135
"/Users/chelae/Desktop/sonymedia/AlienDoc_/Content/VRTemplate/Blueprints/VRTeleportVisualizer.uexp" 1136
"/Users/chelae/Desktop/sonymedia/AlienDoc_/Content/VRTemplate/Blueprints/VRTeleportVisualizer.uasset" 1137
"/Users/chelae/Desktop/sonymedia/AlienDoc_/Content/VRTemplate/VFX/NS_MenuLaser.uasset" 1138
"/Users/chelae/Desktop/sonymedia/AlienDoc_/Content/VRTemplate/VFX/NS_MenuLaser.uexp" 1139
"/Users/chelae/Desktop/sonymedia/AlienDoc_/Content/VRTemplate/Materials/M_VRCursor.uasset" 1140
"/Users/chelae/Desktop/sonymedia/AlienDoc_/Content/VRTemplate/Materials/M_VRCursor.uexp" 1141
"/Users/chelae/Desktop/sonymedia/AlienDoc_/Content/VRTemplate/Input/Actions/IA_Menu_Cursor_Left.uexp" 1142
"/Users/chelae/Desktop/sonymedia/AlienDoc_/Content/VRTemplate/Input/Actions/IA_Menu_Cursor_Left.uasset" 1143
"/Users/chelae/Desktop/sonymedia/AlienDoc_/Content/VRTemplate/Input/Actions/IA_Menu_Cursor_Right.uasset" 1144
"/Users/chelae/Desktop/sonymedia/AlienDoc_/Content/VRTemplate/Input/Actions/IA_Menu_Cursor_Right.uexp" 1145
"/Users/chelae/Desktop/sonymedia/AlienDoc_/Content/VRTemplate/Input/Actions/IA_Menu_Interact_Left_Pressed.uasset" 1146
"/Users/chelae/Desktop/sonymedia/AlienDoc_/Content/VRTemplate/Input/Actions/IA_Menu_Interact_Left_Pressed.uexp" 1147
"/Users/chelae/Desktop/sonymedia/AlienDoc_/Content/VRTemplate/Input/Actions/IA_Menu_Interact_Right_Pressed.uexp" 1148
"/Users/chelae/Desktop/sonymedia/AlienDoc_/Content/VRTemplate/Input/Actions/IA_Menu_Interact_Right_Pressed.uasset" 1149
"/Users/chelae/Desktop/sonymedia/AlienDoc_/Content/VRTemplate/Input/IMC_Menu.uasset" 1150
"/Users/chelae/Desktop/sonymedia/AlienDoc_/Content/VRTemplate/Input/IMC_Menu.uexp" 1151
"../../../Engine/Content/EditorResources/AI/S_NavLink.uexp" 1152
"../../../Engine/Content/EditorResources/AI/S_NavLink.uasset" 1153
"/Users/chelae/Desktop/sonymedia/AlienDoc_/Content/VRTemplate/Blueprints/WidgetMenu.uasset" 1154
"/Users/chelae/Desktop/sonymedia/AlienDoc_/Content/VRTemplate/Blueprints/WidgetMenu.uexp" 1155
"/Users/chelae/Desktop/sonymedia/AlienDoc_/Content/VRTemplate/Blueprints/Menu.uexp" 1156
"/Users/chelae/Desktop/sonymedia/AlienDoc_/Content/VRTemplate/Blueprints/Menu.uasset" 1157
"/Users/chelae/Desktop/sonymedia/AlienDoc_/Content/VRTemplate/Blueprints/BPI_PawnAnim.uexp" 1158
"/Users/chelae/Desktop/sonymedia/AlienDoc_/Content/VRTemplate/Blueprints/BPI_PawnAnim.uasset" 1159
"/Users/chelae/Desktop/sonymedia/AlienDoc_/Content/Characters/MannequinsXR/Meshes/SK_MannequinsXR.uexp" 1160
"/Users/chelae/Desktop/sonymedia/AlienDoc_/Content/Characters/MannequinsXR/Meshes/SK_MannequinsXR.uasset" 1161
"../../../Engine/Content/Animation/DefaultRecorderBoneCompression.uexp" 1162
"../../../Engine/Content/Animation/DefaultRecorderBoneCompression.uasset" 1163
"../../../Engine/Content/Animation/DefaultAnimCurveCompressionSettings.uasset" 1164
"../../../Engine/Content/Animation/DefaultAnimCurveCompressionSettings.uexp" 1165
"/Users/chelae/Desktop/sonymedia/AlienDoc_/Content/Characters/MannequinsXR/Animations/A_MannequinsXR_Grasp_Right.uexp" 1166
"/Users/chelae/Desktop/sonymedia/AlienDoc_/Content/Characters/MannequinsXR/Animations/A_MannequinsXR_Grasp_Right.uasset" 1167
"/Users/chelae/Desktop/sonymedia/AlienDoc_/Content/Characters/MannequinsXR/Animations/A_MannequinsXR_Grasp_Right.m.ubulk" 1168
"/Users/chelae/Desktop/sonymedia/AlienDoc_/Content/Characters/MannequinsXR/Animations/A_MannequinsXR_Idle_Right.m.ubulk" 1169
"/Users/chelae/Desktop/sonymedia/AlienDoc_/Content/Characters/MannequinsXR/Animations/A_MannequinsXR_Idle_Right.uexp" 1170
"/Users/chelae/Desktop/sonymedia/AlienDoc_/Content/Characters/MannequinsXR/Animations/A_MannequinsXR_Idle_Right.uasset" 1171
"/Users/chelae/Desktop/sonymedia/AlienDoc_/Content/Characters/MannequinsXR/Animations/A_MannequinsXR_IndexCurl_Right.uasset" 1172
"/Users/chelae/Desktop/sonymedia/AlienDoc_/Content/Characters/MannequinsXR/Animations/A_MannequinsXR_IndexCurl_Right.uexp" 1173
"/Users/chelae/Desktop/sonymedia/AlienDoc_/Content/Characters/MannequinsXR/Animations/A_MannequinsXR_IndexCurl_Right.m.ubulk" 1174
"/Users/chelae/Desktop/sonymedia/AlienDoc_/Content/Characters/MannequinsXR/Animations/A_MannequinsXR_Point_Right.uexp" 1175
"/Users/chelae/Desktop/sonymedia/AlienDoc_/Content/Characters/MannequinsXR/Animations/A_MannequinsXR_Point_Right.uasset" 1176
"/Users/chelae/Desktop/sonymedia/AlienDoc_/Content/Characters/MannequinsXR/Animations/A_MannequinsXR_Point_Right.m.ubulk" 1177
"/Users/chelae/Desktop/sonymedia/AlienDoc_/Content/Characters/MannequinsXR/Animations/A_MannequinsXR_ThumbUp_Right.uasset" 1178
"/Users/chelae/Desktop/sonymedia/AlienDoc_/Content/Characters/MannequinsXR/Animations/A_MannequinsXR_ThumbUp_Right.uexp" 1179
"/Users/chelae/Desktop/sonymedia/AlienDoc_/Content/Characters/MannequinsXR/Animations/A_MannequinsXR_ThumbUp_Right.m.ubulk" 1180
"/Users/chelae/Desktop/sonymedia/AlienDoc_/Content/Characters/MannequinsXR/Animations/MDT_MannequinsXR.uasset" 1181
"/Users/chelae/Desktop/sonymedia/AlienDoc_/Content/Characters/MannequinsXR/Animations/MDT_MannequinsXR.uexp" 1182
"/Users/chelae/Desktop/sonymedia/AlienDoc_/Content/Characters/MannequinsXR/Meshes/ABP_MannequinsXR.uexp" 1183
"/Users/chelae/Desktop/sonymedia/AlienDoc_/Content/Characters/MannequinsXR/Meshes/ABP_MannequinsXR.uasset" 1184
"/Users/chelae/Desktop/sonymedia/AlienDoc_/Content/Characters/MannequinsXR/Textures/Manny/T_Manny_02_MSR_MSK.uexp" 1185
"/Users/chelae/Desktop/sonymedia/AlienDoc_/Content/Characters/MannequinsXR/Textures/Manny/T_Manny_02_MSR_MSK.ubulk" 1186
"/Users/chelae/Desktop/sonymedia/AlienDoc_/Content/Characters/MannequinsXR/Textures/Manny/T_Manny_02_MSR_MSK.uasset" 1187
"/Users/chelae/Desktop/sonymedia/AlienDoc_/Content/Characters/MannequinsXR/Textures/Manny/T_Manny_02_ASAOPMASK_MSK.uasset" 1188
"/Users/chelae/Desktop/sonymedia/AlienDoc_/Content/Characters/MannequinsXR/Textures/Manny/T_Manny_02_ASAOPMASK_MSK.ubulk" 1189
"/Users/chelae/Desktop/sonymedia/AlienDoc_/Content/Characters/MannequinsXR/Textures/Manny/T_Manny_02_ASAOPMASK_MSK.uexp" 1190
"/Users/chelae/Desktop/sonymedia/AlienDoc_/Content/Characters/MannequinsXR/Textures/Manny/T_Manny_02_Tan.uexp" 1191
"/Users/chelae/Desktop/sonymedia/AlienDoc_/Content/Characters/MannequinsXR/Textures/Manny/T_Manny_02_Tan.ubulk" 1192
"/Users/chelae/Desktop/sonymedia/AlienDoc_/Content/Characters/MannequinsXR/Textures/Manny/T_Manny_02_Tan.uasset" 1193
"/Users/chelae/Desktop/sonymedia/AlienDoc_/Content/Characters/MannequinsXR/Textures/Manny/T_Manny_02_N.ubulk" 1194
"/Users/chelae/Desktop/sonymedia/AlienDoc_/Content/Characters/MannequinsXR/Textures/Manny/T_Manny_02_N.uasset" 1195
"/Users/chelae/Desktop/sonymedia/AlienDoc_/Content/Characters/MannequinsXR/Textures/Manny/T_Manny_02_N.uexp" 1196
"/Users/chelae/Desktop/sonymedia/AlienDoc_/Content/Characters/MannequinsXR/Textures/Manny/T_Manny_02_BN.uasset" 1197
"/Users/chelae/Desktop/sonymedia/AlienDoc_/Content/Characters/MannequinsXR/Textures/Manny/T_Manny_02_BN.uexp" 1198
"/Users/chelae/Desktop/sonymedia/AlienDoc_/Content/Characters/MannequinsXR/Textures/Manny/T_Manny_02_BN.ubulk" 1199
"/Users/chelae/Desktop/sonymedia/AlienDoc_/Content/Characters/MannequinsXR/Textures/Manny/T_Manny_02_CCRCCPlastic_MSK.uasset" 1200
"/Users/chelae/Desktop/sonymedia/AlienDoc_/Content/Characters/MannequinsXR/Textures/Manny/T_Manny_02_CCRCCPlastic_MSK.ubulk" 1201
"/Users/chelae/Desktop/sonymedia/AlienDoc_/Content/Characters/MannequinsXR/Textures/Manny/T_Manny_02_CCRCCPlastic_MSK.uexp" 1202
"/Users/chelae/Desktop/sonymedia/AlienDoc_/Content/Characters/MannequinsXR/Textures/Manny/T_Manny_02_D.ubulk" 1203
"/Users/chelae/Desktop/sonymedia/AlienDoc_/Content/Characters/MannequinsXR/Textures/Manny/T_Manny_02_D.uasset" 1204
"/Users/chelae/Desktop/sonymedia/AlienDoc_/Content/Characters/MannequinsXR/Textures/Manny/T_Manny_02_D.uexp" 1205
"/Users/chelae/Desktop/sonymedia/AlienDoc_/Content/Characters/MannequinsXR/Textures/Manny/T_Manny_01_N.ubulk" 1206
"/Users/chelae/Desktop/sonymedia/AlienDoc_/Content/Characters/MannequinsXR/Textures/Manny/T_Manny_01_N.uexp" 1207
"/Users/chelae/Desktop/sonymedia/AlienDoc_/Content/Characters/MannequinsXR/Textures/Manny/T_Manny_01_N.uasset" 1208
"/Users/chelae/Desktop/sonymedia/AlienDoc_/Content/Characters/MannequinsXR/Textures/Manny/T_Manny_01_MSR_MSK.uexp" 1209
"/Users/chelae/Desktop/sonymedia/AlienDoc_/Content/Characters/MannequinsXR/Textures/Manny/T_Manny_01_MSR_MSK.ubulk" 1210
"/Users/chelae/Desktop/sonymedia/AlienDoc_/Content/Characters/MannequinsXR/Textures/Manny/T_Manny_01_MSR_MSK.uasset" 1211
"/Users/chelae/Desktop/sonymedia/AlienDoc_/Content/Characters/MannequinsXR/Textures/Manny/T_Manny_01_BN.ubulk" 1212
"/Users/chelae/Desktop/sonymedia/AlienDoc_/Content/Characters/MannequinsXR/Textures/Manny/T_Manny_01_BN.uexp" 1213
"/Users/chelae/Desktop/sonymedia/AlienDoc_/Content/Characters/MannequinsXR/Textures/Manny/T_Manny_01_BN.uasset" 1214
"/Users/chelae/Desktop/sonymedia/AlienDoc_/Content/Characters/MannequinsXR/Textures/Manny/T_Manny_01_D.ubulk" 1215
"/Users/chelae/Desktop/sonymedia/AlienDoc_/Content/Characters/MannequinsXR/Textures/Manny/T_Manny_01_D.uexp" 1216
"/Users/chelae/Desktop/sonymedia/AlienDoc_/Content/Characters/MannequinsXR/Textures/Manny/T_Manny_01_D.uasset" 1217
"/Users/chelae/Desktop/sonymedia/AlienDoc_/Content/Characters/MannequinsXR/Textures/Manny/T_Manny_01_Tan.uexp" 1218
"/Users/chelae/Desktop/sonymedia/AlienDoc_/Content/Characters/MannequinsXR/Textures/Manny/T_Manny_01_Tan.uasset" 1219
"/Users/chelae/Desktop/sonymedia/AlienDoc_/Content/Characters/MannequinsXR/Textures/Manny/T_Manny_01_Tan.ubulk" 1220
"/Users/chelae/Desktop/sonymedia/AlienDoc_/Content/Characters/MannequinsXR/Textures/Manny/T_Manny_01_ASAOPMASK_MSK.ubulk" 1221
"/Users/chelae/Desktop/sonymedia/AlienDoc_/Content/Characters/MannequinsXR/Textures/Manny/T_Manny_01_ASAOPMASK_MSK.uasset" 1222
"/Users/chelae/Desktop/sonymedia/AlienDoc_/Content/Characters/MannequinsXR/Textures/Manny/T_Manny_01_ASAOPMASK_MSK.uexp" 1223
"/Users/chelae/Desktop/sonymedia/AlienDoc_/Content/Characters/MannequinsXR/Textures/Manny/T_Manny_01_CCRCCPlastic_MSK.ubulk" 1224
"/Users/chelae/Desktop/sonymedia/AlienDoc_/Content/Characters/MannequinsXR/Textures/Manny/T_Manny_01_CCRCCPlastic_MSK.uasset" 1225
"/Users/chelae/Desktop/sonymedia/AlienDoc_/Content/Characters/MannequinsXR/Textures/Manny/T_Manny_01_CCRCCPlastic_MSK.uexp" 1226
"/Users/chelae/Desktop/sonymedia/AlienDoc_/Content/Characters/MannequinsXR/Materials/Functions/ChromaticCurve.uasset" 1227
"/Users/chelae/Desktop/sonymedia/AlienDoc_/Content/Characters/MannequinsXR/Materials/Functions/ChromaticCurve.uexp" 1228
"/Users/chelae/Desktop/sonymedia/AlienDoc_/Content/Characters/MannequinsXR/Materials/Functions/CA_Mannequin.uasset" 1229
"/Users/chelae/Desktop/sonymedia/AlienDoc_/Content/Characters/MannequinsXR/Materials/Functions/CA_Mannequin.uexp" 1230
"/Users/chelae/Desktop/sonymedia/AlienDoc_/Content/Characters/MannequinsXR/Materials/Functions/MF_Diffraction.uasset" 1231
"/Users/chelae/Desktop/sonymedia/AlienDoc_/Content/Characters/MannequinsXR/Materials/Functions/MF_Diffraction.uexp" 1232
"/Users/chelae/Desktop/sonymedia/AlienDoc_/Content/Characters/MannequinsXR/Textures/Shared/T_UE_Logo_M.uasset" 1233
"/Users/chelae/Desktop/sonymedia/AlienDoc_/Content/Characters/MannequinsXR/Textures/Shared/T_UE_Logo_M.uexp" 1234
"/Users/chelae/Desktop/sonymedia/AlienDoc_/Content/Characters/MannequinsXR/Materials/Functions/MF_logo3layers.uasset" 1235
"/Users/chelae/Desktop/sonymedia/AlienDoc_/Content/Characters/MannequinsXR/Materials/Functions/MF_logo3layers.uexp" 1236
"/Users/chelae/Desktop/sonymedia/AlienDoc_/Content/Characters/MannequinsXR/Materials/Functions/ML_BaseColorFallOff.uexp" 1237
"/Users/chelae/Desktop/sonymedia/AlienDoc_/Content/Characters/MannequinsXR/Materials/Functions/ML_BaseColorFallOff.uasset" 1238
"/Users/chelae/Desktop/sonymedia/AlienDoc_/Content/Characters/MannequinsXR/Materials/M_Mannequin.uexp" 1239
"/Users/chelae/Desktop/sonymedia/AlienDoc_/Content/Characters/MannequinsXR/Materials/M_Mannequin.uasset" 1240
"/Users/chelae/Desktop/sonymedia/AlienDoc_/Content/Characters/MannequinsXR/Materials/Instances/Manny/MI_Manny_01.uasset" 1241
"/Users/chelae/Desktop/sonymedia/AlienDoc_/Content/Characters/MannequinsXR/Materials/Instances/Manny/MI_Manny_01.uexp" 1242
"/Users/chelae/Desktop/sonymedia/AlienDoc_/Content/Characters/MannequinsXR/Materials/Instances/Manny/MI_Manny_02.uexp" 1243
"/Users/chelae/Desktop/sonymedia/AlienDoc_/Content/Characters/MannequinsXR/Materials/Instances/Manny/MI_Manny_02.uasset" 1244
"/Users/chelae/Desktop/sonymedia/AlienDoc_/Content/Characters/MannequinsXR/Meshes/SKM_MannyXR_left.uexp" 1245
"/Users/chelae/Desktop/sonymedia/AlienDoc_/Content/Characters/MannequinsXR/Meshes/SKM_MannyXR_left.uasset" 1246
"/Users/chelae/Desktop/sonymedia/AlienDoc_/Content/Characters/MannequinsXR/B_MannequinsXR.uasset" 1247
"/Users/chelae/Desktop/sonymedia/AlienDoc_/Content/Characters/MannequinsXR/B_MannequinsXR.uexp" 1248
"/Users/chelae/Desktop/sonymedia/AlienDoc_/Content/Characters/MannequinsXR/Meshes/SKM_MannyXR_right.uasset" 1249
"/Users/chelae/Desktop/sonymedia/AlienDoc_/Content/Characters/MannequinsXR/Meshes/SKM_MannyXR_right.uexp" 1250
"/Users/chelae/Desktop/sonymedia/AlienDoc_/Content/VRTemplate/Blueprints/VRPawn.uexp" 1251
"/Users/chelae/Desktop/sonymedia/AlienDoc_/Content/VRTemplate/Blueprints/VRPawn.uasset" 1252
"/Users/chelae/Desktop/sonymedia/AlienDoc_/Content/VRTemplate/Blueprints/VRGameMode.uasset" 1253
"/Users/chelae/Desktop/sonymedia/AlienDoc_/Content/VRTemplate/Blueprints/VRGameMode.uexp" 1254
"/Users/chelae/Desktop/sonymedia/AlienDoc_/Content/LevelPrototyping/Meshes/SM_ChamferCube.ubulk" 1255
"/Users/chelae/Desktop/sonymedia/AlienDoc_/Content/LevelPrototyping/Meshes/SM_ChamferCube.uexp" 1256
"/Users/chelae/Desktop/sonymedia/AlienDoc_/Content/LevelPrototyping/Meshes/SM_ChamferCube.uasset" 1257
"/Users/chelae/Desktop/sonymedia/AlienDoc_/Content/LevelPrototyping/Textures/T_GridChecker_A.uasset" 1258
"/Users/chelae/Desktop/sonymedia/AlienDoc_/Content/LevelPrototyping/Textures/T_GridChecker_A.uexp" 1259
"/Users/chelae/Desktop/sonymedia/AlienDoc_/Content/LevelPrototyping/Textures/T_GridChecker_A.ubulk" 1260
"/Users/chelae/Desktop/sonymedia/AlienDoc_/Content/LevelPrototyping/Materials/MF_ProcGrid.uexp" 1261
"/Users/chelae/Desktop/sonymedia/AlienDoc_/Content/LevelPrototyping/Materials/MF_ProcGrid.uasset" 1262
"/Users/chelae/Desktop/sonymedia/AlienDoc_/Content/LevelPrototyping/Materials/M_PrototypeGrid.uexp" 1263
"/Users/chelae/Desktop/sonymedia/AlienDoc_/Content/LevelPrototyping/Materials/M_PrototypeGrid.uasset" 1264
"/Users/chelae/Desktop/sonymedia/AlienDoc_/Content/LevelPrototyping/Materials/MI_PrototypeGrid_Gray.uexp" 1265
"/Users/chelae/Desktop/sonymedia/AlienDoc_/Content/LevelPrototyping/Materials/MI_PrototypeGrid_Gray.uasset" 1266
"/Users/chelae/Desktop/sonymedia/AlienDoc_/Content/LevelPrototyping/Meshes/SM_Cube.ubulk" 1267
"/Users/chelae/Desktop/sonymedia/AlienDoc_/Content/LevelPrototyping/Meshes/SM_Cube.uexp" 1268
"/Users/chelae/Desktop/sonymedia/AlienDoc_/Content/LevelPrototyping/Meshes/SM_Cube.uasset" 1269
"/Users/chelae/Desktop/sonymedia/AlienDoc_/Content/VRTemplate/Audio/Fire01.uexp" 1270
"/Users/chelae/Desktop/sonymedia/AlienDoc_/Content/VRTemplate/Audio/Fire01.uasset" 1271
"/Users/chelae/Desktop/sonymedia/AlienDoc_/Content/VRTemplate/Audio/Fire01.ubulk" 1272
"/Users/chelae/Desktop/sonymedia/AlienDoc_/Content/VRTemplate/Audio/Fire_Cue.uasset" 1273
"/Users/chelae/Desktop/sonymedia/AlienDoc_/Content/VRTemplate/Audio/Fire_Cue.uexp" 1274
"/Users/chelae/Desktop/sonymedia/AlienDoc_/Content/VRTemplate/Blueprints/Grabbable_SmallCube.uasset" 1275
"/Users/chelae/Desktop/sonymedia/AlienDoc_/Content/VRTemplate/Blueprints/Grabbable_SmallCube.uexp" 1276
"/Users/chelae/Desktop/sonymedia/AlienDoc_/Content/VRTemplate/Input/Actions/IA_Shoot_Left.uexp" 1277
"/Users/chelae/Desktop/sonymedia/AlienDoc_/Content/VRTemplate/Input/Actions/IA_Shoot_Left.uasset" 1278
"/Users/chelae/Desktop/sonymedia/AlienDoc_/Content/VRTemplate/Input/IMC_Weapon_Left.uasset" 1279
"/Users/chelae/Desktop/sonymedia/AlienDoc_/Content/VRTemplate/Input/IMC_Weapon_Left.uexp" 1280
"/Users/chelae/Desktop/sonymedia/AlienDoc_/Content/VRTemplate/Input/Actions/IA_Shoot_Right.uexp" 1281
"/Users/chelae/Desktop/sonymedia/AlienDoc_/Content/VRTemplate/Input/Actions/IA_Shoot_Right.uasset" 1282
"/Users/chelae/Desktop/sonymedia/AlienDoc_/Content/VRTemplate/Input/IMC_Weapon_Right.uasset" 1283
"/Users/chelae/Desktop/sonymedia/AlienDoc_/Content/VRTemplate/Input/IMC_Weapon_Right.uexp" 1284
"/Users/chelae/Desktop/sonymedia/AlienDoc_/Content/VRTemplate/Haptics/PistolFireHapticEffect.uexp" 1285
"/Users/chelae/Desktop/sonymedia/AlienDoc_/Content/VRTemplate/Haptics/PistolFireHapticEffect.uasset" 1286
"/Users/chelae/Desktop/sonymedia/AlienDoc_/Content/VRTemplate/Materials/M_Projectile.uexp" 1287
"/Users/chelae/Desktop/sonymedia/AlienDoc_/Content/VRTemplate/Materials/M_Projectile.uasset" 1288
"/Users/chelae/Desktop/sonymedia/AlienDoc_/Content/VRTemplate/Materials/MI_Projectile.uexp" 1289
"/Users/chelae/Desktop/sonymedia/AlienDoc_/Content/VRTemplate/Materials/MI_Projectile.uasset" 1290
"/Users/chelae/Desktop/sonymedia/AlienDoc_/Content/VRTemplate/Blueprints/Projectile.uexp" 1291
"/Users/chelae/Desktop/sonymedia/AlienDoc_/Content/VRTemplate/Blueprints/Projectile.uasset" 1292
"../../../Engine/Content/Engine_MI_Shaders/T_Normal.uasset" 1293
"../../../Engine/Content/Engine_MI_Shaders/T_Normal.uexp" 1294
"../../../Engine/Content/MaterialTemplates/LayerBlends/T_DefaultMaskTexture.uexp" 1295
"../../../Engine/Content/MaterialTemplates/LayerBlends/T_DefaultMaskTexture.uasset" 1296
"/Users/chelae/Desktop/sonymedia/AlienDoc_/Content/Weapons/Rifle/Materials/M_Weapon.uasset" 1297
"/Users/chelae/Desktop/sonymedia/AlienDoc_/Content/Weapons/Rifle/Materials/M_Weapon.uexp" 1298
"/Users/chelae/Desktop/sonymedia/AlienDoc_/Content/Weapons/Pistol/Textures/T_Pistol_AORM.uexp" 1299
"/Users/chelae/Desktop/sonymedia/AlienDoc_/Content/Weapons/Pistol/Textures/T_Pistol_AORM.ubulk" 1300
"/Users/chelae/Desktop/sonymedia/AlienDoc_/Content/Weapons/Pistol/Textures/T_Pistol_AORM.uasset" 1301
"/Users/chelae/Desktop/sonymedia/AlienDoc_/Content/Weapons/Pistol/Textures/T_Pistol_Masks.uasset" 1302
"/Users/chelae/Desktop/sonymedia/AlienDoc_/Content/Weapons/Pistol/Textures/T_Pistol_Masks.ubulk" 1303
"/Users/chelae/Desktop/sonymedia/AlienDoc_/Content/Weapons/Pistol/Textures/T_Pistol_Masks.uexp" 1304
"/Users/chelae/Desktop/sonymedia/AlienDoc_/Content/Weapons/Pistol/Textures/T_Pistol_N.uasset" 1305
"/Users/chelae/Desktop/sonymedia/AlienDoc_/Content/Weapons/Pistol/Textures/T_Pistol_N.uexp" 1306
"/Users/chelae/Desktop/sonymedia/AlienDoc_/Content/Weapons/Pistol/Textures/T_Pistol_N.ubulk" 1307
"/Users/chelae/Desktop/sonymedia/AlienDoc_/Content/Weapons/Pistol/Textures/T_Pistol_D.uexp" 1308
"/Users/chelae/Desktop/sonymedia/AlienDoc_/Content/Weapons/Pistol/Textures/T_Pistol_D.ubulk" 1309
"/Users/chelae/Desktop/sonymedia/AlienDoc_/Content/Weapons/Pistol/Textures/T_Pistol_D.uasset" 1310
"/Users/chelae/Desktop/sonymedia/AlienDoc_/Content/Weapons/Pistol/Materials/MI_Weapon_Pistol.uexp" 1311
"/Users/chelae/Desktop/sonymedia/AlienDoc_/Content/Weapons/Pistol/Materials/MI_Weapon_Pistol.uasset" 1312
"/Users/chelae/Desktop/sonymedia/AlienDoc_/Content/Weapons/Pistol/Meshes/SM_Pistol.ubulk" 1313
"/Users/chelae/Desktop/sonymedia/AlienDoc_/Content/Weapons/Pistol/Meshes/SM_Pistol.uexp" 1314
"/Users/chelae/Desktop/sonymedia/AlienDoc_/Content/Weapons/Pistol/Meshes/SM_Pistol.uasset" 1315
"/Users/chelae/Desktop/sonymedia/AlienDoc_/Content/VRTemplate/Blueprints/Pistol.uasset" 1316
"/Users/chelae/Desktop/sonymedia/AlienDoc_/Content/VRTemplate/Blueprints/Pistol.uexp" 1317
"/Users/chelae/Desktop/sonymedia/AlienDoc_/Content/VRTemplate/Maps/VRTemplateMap.umap" 1318
"/Users/chelae/Desktop/sonymedia/AlienDoc_/Content/VRTemplate/Maps/VRTemplateMap.uexp" 1319
